exp,tf,a,m,m_obs,regulon_size,knock_method,platform,dose_bin,in_filtered_279,multi_tf,ulm_unmasked_frac,ulm_masked_frac
DataSet_01_001,ESR1,0.04527226143572497,-0.71385,-0.71385,599,siRNA,GPL3921,-1 <= m < -0.5,False,True,0.37597911227154046,0.41383812010443866
DataSet_01_002,HNF1A,-11.396915914317743,0.16428,0.16428,150,shRNA,GPL18180,m >= 0,False,False,0.0013054830287206266,0.0013054830287206266
DataSet_01_003,MLXIP,0.09101821271760932,0.26215,0.26215,5,shRNA,GPL4133,m >= 0,False,True,0.6827676240208878,0.6827676240208878
DataSet_01_004,CREB1,-0.732566804784221,-0.95018,-0.95018,443,shRNA,GPL570,-1 <= m < -0.5,False,True,0.3289817232375979,0.34986945169712796
DataSet_01_005,POU5F1,0.5405636269599547,0.0,0.0,88,siRNA,GPL570,m >= 0,False,True,0.6462140992167101,0.6462140992167101
DataSet_01_006,PROX1,-1.1639420939088052,-1.13977,-1.13977,34,siRNA,GPL570,-2 <= m < -1,True,False,0.15926892950391644,0.16057441253263707
DataSet_01_007,NR2F2,-0.24555444710107108,-1.34696,-1.34696,78,siRNA,GPL570,-2 <= m < -1,True,True,0.26762402088772846,0.32114882506527415
DataSet_01_008,WT1,-1.0423872452495042,-1.11474,-1.11474,150,siRNA,GPL570,-2 <= m < -1,True,True,0.4177545691906005,0.31592689295039167
DataSet_01_009,BCL11A,0.16538082252309239,-0.10769,-0.10769,15,siRNA,GPL570,-0.5 <= m < 0,False,False,0.6331592689295039,0.6331592689295039
DataSet_01_010,TP53,-3.8626415065926105,-3.13745,-3.13745,930,shRNA,GPL4133,m < -2,True,True,0.010443864229765013,0.007832898172323759
DataSet_01_011,TP53,-0.4334648177521628,-2.43895,-2.43895,930,siRNA,GPL1426,m < -2,True,True,0.283289817232376,0.2989556135770235
DataSet_01_012,FLI1,-0.9505264793111919,-1.46311,-1.46311,92,shRNA,GPL96,-2 <= m < -1,True,True,0.16318537859007834,0.1866840731070496
DataSet_01_013,FLI1,-3.502790959175204,-2.12989,-2.12989,92,shRNA,GPL96,m < -2,True,True,0.022193211488250653,0.030026109660574413
DataSet_01_014,FLI1,-1.681048978824707,-1.62202,-1.62202,92,shRNA,GPL96,-2 <= m < -1,True,True,0.11096605744125326,0.14490861618798956
DataSet_01_015,FLI1,-0.4648535343037644,-1.08896,-1.08896,92,shRNA,GPL96,-2 <= m < -1,True,True,0.22193211488250653,0.24673629242819844
DataSet_01_016,FLI1,-3.9765524682482987,-1.26522,-1.26522,92,shRNA,GPL96,-2 <= m < -1,True,True,0.016971279373368148,0.0195822454308094
DataSet_01_017,ERG,-0.4038029771862547,-2.34525,-2.34525,55,siRNA,GPL570,m < -2,True,True,0.1618798955613577,0.26631853785900783
DataSet_01_018,YY1,0.8751236576042246,-2.07726,-2.07726,251,shRNA,GPL570,m < -2,True,False,0.5939947780678851,0.5261096605744126
DataSet_01_021,STAT1,-4.716973774505445,-1.36,-1.36,293,shRNA,GPL6244,-2 <= m < -1,True,True,0.014360313315926894,0.014360313315926894
DataSet_01_022,RUNX1,-0.5214086577767301,0.0,0.0,194,siRNA,GPL570,m >= 0,False,True,0.2819843342036554,0.2819843342036554
DataSet_01_023,RUNX1,1.8456009539022544,0.0,0.0,194,siRNA,GPL570,m >= 0,False,True,0.7780678851174935,0.7780678851174935
DataSet_01_024,MITF,-3.186857051261413,-0.91966,-0.91966,108,siRNA,GPL570,-1 <= m < -0.5,False,True,0.010443864229765013,0.015665796344647518
DataSet_01_025,MITF,-3.354454580168189,-1.04766,-1.04766,108,siRNA,GPL570,-2 <= m < -1,True,True,0.0039164490861618795,0.006527415143603133
DataSet_01_026,PAX3,-0.800376650438701,-1.25574,-1.25574,112,siRNA,GPL570,-2 <= m < -1,True,True,0.07702349869451697,0.20365535248041775
DataSet_01_027,PAX3,-1.3426914214766617,-1.05249,-1.05249,112,siRNA,GPL570,-2 <= m < -1,True,True,0.12924281984334204,0.19712793733681463
DataSet_01_028,ERG,0.10902455697884406,0.11648,0.11648,55,shRNA,GPL6883,m >= 0,False,True,0.6018276762402088,0.5744125326370757
DataSet_01_030,RELA,-10.639924533313025,-2.00711,-2.00711,539,siRNA,GPL201,m < -2,True,True,0.0013054830287206266,0.0026109660574412533
DataSet_01_031,TP53,-7.638803003988671,-3.46451,-3.46451,930,siRNA,GPL201,m < -2,True,True,0.02610966057441253,0.020887728459530026
DataSet_01_032,STAT6,-4.371686537244944,0.0,0.0,123,siRNA,GPL6102,m >= 0,False,True,0.010443864229765013,0.010443864229765013
DataSet_01_033,ATF3,-1.0288068346936945,-1.92622,-1.92622,107,siRNA,GPL4133,-2 <= m < -1,True,True,0.23368146214099217,0.14490861618798956
DataSet_01_034,EGR3,-2.618136579005209,-1.91759,-1.91759,32,siRNA,GPL570,-2 <= m < -1,True,True,0.050913838120104436,0.04960835509138381
DataSet_01_035,ETV1,1.1455827322754546,-0.99858,-0.99858,21,shRNA,GPL6947,-1 <= m < -0.5,False,True,0.8067885117493473,0.8080939947780679
DataSet_01_036,ETV1,2.6998339780001985,-1.87871,-1.87871,21,shRNA,GPL6947,-2 <= m < -1,True,True,0.9804177545691906,0.9804177545691906
DataSet_01_037,TP53,0.566127430939464,-1.7844,-1.7844,930,siRNA,GPL570,-2 <= m < -1,True,True,0.7323759791122716,0.7663185378590078
DataSet_01_038,TP53,-8.056045174937125,-1.36,-1.36,930,shRNA,GPL6884,-2 <= m < -1,True,True,0.0026109660574412533,0.0013054830287206266
DataSet_01_039,TP63,-1.5505505572471272,-0.44181,-0.44181,197,shRNA,GPL571,-0.5 <= m < 0,False,True,0.19712793733681463,0.2245430809399478
DataSet_01_040,TAL1,0.35141475070079975,-0.48333,-0.48333,93,shRNA,GPL6244,-0.5 <= m < 0,False,True,0.3185378590078329,0.4046997389033943
DataSet_01_041,TAL1,0.0994196028758249,-0.90191,-0.90191,93,shRNA,GPL6244,-1 <= m < -0.5,False,True,0.2689295039164491,0.3968668407310705
DataSet_01_042,POU5F1,-9.282808839782154,-2.46487,-2.46487,88,shRNA,GPL6947,m < -2,True,True,0.0013054830287206266,0.0013054830287206266
DataSet_01_044,MYB,-3.6776612036189626,-1.99639,-1.99639,176,siRNA,GPL96,-2 <= m < -1,True,True,0.024804177545691905,0.031331592689295036
DataSet_01_046,SOX2,5.543114156644735,0.0,0.0,87,siRNA,GPL1426,m >= 0,False,True,0.9895561357702349,0.9895561357702349
DataSet_01_047,RUNX1,-5.146770215706219,0.0,0.0,194,shRNA,GPL5188,m >= 0,False,True,0.03263707571801567,0.03263707571801567
DataSet_01_048,MYB,4.487436923676586,-0.94457,-0.94457,176,shRNA,GPL8019,-1 <= m < -0.5,False,True,0.9464751958224543,0.9543080939947781
DataSet_01_049,STAT3,-0.39822067566227987,-2.85367,-2.85367,424,siRNA,GPL571,m < -2,True,True,0.2741514360313316,0.3263707571801567
DataSet_01_050,STAT6,-1.1179409539157152,-0.75666,-0.75666,123,siRNA,GPL6884,-1 <= m < -0.5,False,True,0.10574412532637076,0.11618798955613577
DataSet_01_051,RARA,4.417370555959894,-1.27545,-1.27545,181,siRNA,GPL570,-2 <= m < -1,True,True,0.9947780678851175,0.9947780678851175
DataSet_01_052,NR5A1,-3.6484901688768017,-0.1285,-0.1285,104,shRNA,GPL6244,-0.5 <= m < 0,False,False,0.007832898172323759,0.009138381201044387
DataSet_01_053,TFAP2C,-4.665025697275239,-2.27423,-2.27423,33,siRNA,GPL6883,m < -2,True,True,0.0026109660574412533,0.0039164490861618795
DataSet_01_054,PITX2,-1.9577244799416047,-0.04471,-0.04471,140,siRNA,GPL6883,-0.5 <= m < 0,False,True,0.12402088772845953,0.13054830287206268
DataSet_01_055,PITX2,-3.787494622908579,0.06962,0.06962,140,siRNA,GPL6883,m >= 0,False,True,0.020887728459530026,0.020887728459530026
DataSet_01_056,ZEB2,0.8738308808539955,-0.73327,-0.73327,29,shRNA,GPL570,-1 <= m < -0.5,False,True,0.6671018276762402,0.6671018276762402
DataSet_01_057,ZEB2,-2.7608668616532857,-0.83803,-0.83803,29,siRNA,GPL570,-1 <= m < -0.5,False,True,0.0391644908616188,0.0391644908616188
DataSet_01_058,BACH1,-4.141174144636289,-2.42937,-2.42937,15,esiRNA,GPL570,m < -2,True,True,0.0013054830287206266,0.0013054830287206266
DataSet_01_059,BACH1,-5.291395953676012,-2.50171,-2.50171,15,siRNA,GPL570,m < -2,True,True,0.0013054830287206266,0.0013054830287206266
DataSet_01_060,NFE2L2,-9.215868854797309,-2.87887,-2.87887,195,siRNA,GPL4133,m < -2,True,True,0.0026109660574412533,0.0026109660574412533
DataSet_01_061,GATA2,0.7544998883817254,-0.52569,-0.52569,96,siRNA,GPL570,-1 <= m < -0.5,False,True,0.618798955613577,0.6370757180156658
DataSet_01_062,RUNX2,2.565666573859149,-0.33534,-0.33534,123,siRNA,GPL570,-0.5 <= m < 0,False,True,0.9268929503916449,0.9347258485639687
DataSet_01_063,YBX1,-2.0887244407931655,0.0,0.0,90,siRNA,GPL6104,m >= 0,False,True,0.0926892950391645,0.0926892950391645
DataSet_01_064,YBX1,-2.057681800832113,0.0,0.0,90,siRNA,GPL6104,m >= 0,False,True,0.17362924281984335,0.17362924281984335
DataSet_01_065,YBX1,-0.9705939655175606,0.0,0.0,90,siRNA,GPL6104,m >= 0,False,True,0.2819843342036554,0.2819843342036554
DataSet_01_066,NKX2-1,-2.2956305931212078,-0.9115,-0.9115,61,siRNA,GPL6947,-1 <= m < -0.5,False,True,0.014360313315926894,0.04699738903394256
DataSet_01_067,NKX2-1,-2.142662433674993,-0.7139,-0.7139,61,siRNA,GPL6947,-1 <= m < -0.5,False,True,0.044386422976501305,0.07441253263707572
DataSet_01_068,TP53,-1.948231929890664,-4.44308,-4.44308,930,shRNA,GPL6883,m < -2,True,True,0.057441253263707574,0.044386422976501305
DataSet_01_069,SNAI1,1.8927001825491891,-0.05458,-0.05458,96,siRNA,GPL6947,-0.5 <= m < 0,False,False,0.7558746736292428,0.7532637075718016
DataSet_01_071,ELF5,0.053211940655468866,-1.7665,-1.7665,10,siRNA,GPL6244,-2 <= m < -1,True,False,0.4216710182767624,0.4216710182767624
DataSet_01_072,PAX2,-0.30861493310026566,-0.65385,-0.65385,24,shRNA,GPL570,-1 <= m < -0.5,False,False,0.34464751958224543,0.3433420365535248
DataSet_01_073,ZNF148,-3.5163351722247107,-1.32859,-1.32859,30,shRNA,GPL571,-2 <= m < -1,True,False,0.0026109660574412533,0.007832898172323759
DataSet_01_074,CEBPD,-2.507408993786052,-1.47847,-1.47847,93,siRNA,GPL570,-2 <= m < -1,True,True,0.23237597911227154,0.12532637075718014
DataSet_01_075,CEBPZ,-0.3259995145858297,-1.47229,-1.47229,18,siRNA,GPL570,-2 <= m < -1,True,True,0.5221932114882507,0.5221932114882507
DataSet_01_076,ETS1,-0.33154642538207063,-1.41362,-1.41362,205,siRNA,GPL570,-2 <= m < -1,True,True,0.43994778067885115,0.5313315926892951
DataSet_01_077,FOXM1,-1.1533225237257272,-1.52687,-1.52687,96,siRNA,GPL570,-2 <= m < -1,True,True,0.2454308093994778,0.3877284595300261
DataSet_01_078,HSF2,-0.5235948889782749,-1.50714,-1.50714,24,siRNA,GPL570,-2 <= m < -1,True,True,0.10052219321148825,0.28720626631853785
DataSet_01_079,MITF,-0.5356651709279642,-3.45338,-3.45338,108,siRNA,GPL570,m < -2,True,True,0.15535248041775457,0.3720626631853786
DataSet_01_080,RELA,-4.822059261873274,-1.02265,-1.02265,539,siRNA,GPL570,-2 <= m < -1,True,True,0.0391644908616188,0.04046997389033943
DataSet_01_081,SP1,-6.282470604330497,-1.20083,-1.20083,1259,siRNA,GPL570,-2 <= m < -1,True,True,0.0013054830287206266,0.0013054830287206266
DataSet_01_083,STAT1,-1.4373350497235262,-1.42141,-1.42141,293,siRNA,GPL570,-2 <= m < -1,True,True,0.2885117493472585,0.35900783289817234
DataSet_01_084,STAT3,-1.7922859357689573,-1.94704,-1.94704,424,siRNA,GPL570,-2 <= m < -1,True,True,0.1279373368146214,0.1618798955613577
DataSet_01_085,STAT6,-1.5426821058351388,-1.03356,-1.03356,123,siRNA,GPL570,-2 <= m < -1,True,True,0.23890339425587467,0.3224543080939948
DataSet_01_086,HIF1A,-11.513469758270473,-2.143,-2.143,446,siRNA,GPL570,m < -2,True,True,0.0013054830287206266,0.0013054830287206266
DataSet_01_087,HIF1A,-9.01638002086159,-0.54765,-0.54765,446,siRNA,GPL2507,-1 <= m < -0.5,False,True,0.0013054830287206266,0.0013054830287206266
DataSet_01_088,FOXP1,-1.0564278784966334,-1.35282,-1.35282,32,siRNA,GPL6480,-2 <= m < -1,True,True,0.07180156657963446,0.16840731070496084
DataSet_01_089,NR2F2,0.616845289634186,-3.82418,-3.82418,78,siRNA,GPL570,m < -2,True,True,0.45430809399477806,0.6932114882506527
DataSet_01_090,NR2F2,0.7065361347900327,-1.00829,-1.00829,78,siRNA,GPL570,-2 <= m < -1,True,True,0.4281984334203655,0.5469973890339426
DataSet_01_091,ETV6,2.608359519402853,-1.3224,-1.3224,27,siRNA,GPL10558,-2 <= m < -1,True,True,0.9778067885117493,0.9765013054830287
DataSet_01_092,MLXIP,0.39852085248983893,-0.02543,-0.02543,5,shRNA,GPL6244,-0.5 <= m < 0,False,True,0.6892950391644909,0.6892950391644909
DataSet_01_093,RUNX1,3.450165282904062,-0.25424,-0.25424,194,siRNA,GPL10558,-0.5 <= m < 0,False,True,0.9869451697127938,0.9895561357702349
DataSet_01_094,NANOG,-1.9349975824781507,-1.55195,-1.55195,58,shRNA,GPL10558,-2 <= m < -1,True,False,0.07702349869451697,0.20757180156657964
DataSet_01_095,POU5F1,-4.5533637246693335,-2.36646,-2.36646,88,shRNA,GPL10558,m < -2,True,True,0.007832898172323759,0.010443864229765013
DataSet_01_096,SOX2,-6.620158191062074,-2.0889,-2.0889,87,shRNA,GPL10558,m < -2,True,True,0.0013054830287206266,0.0026109660574412533
DataSet_01_097,SOX2,2.8932238849480862,0.69207,0.69207,87,shRNA,GPL10558,m >= 0,False,True,0.9516971279373369,0.943864229765013
DataSet_01_098,SALL4,-0.5566057697601108,-1.30794,-1.30794,20,shRNA,GPL6244,-2 <= m < -1,True,True,0.06266318537859007,0.26240208877284593
DataSet_01_099,FOS,1.8945582977990112,-1.23434,-1.23434,329,siRNA,GPL14550,-2 <= m < -1,True,True,0.8838120104438643,0.8681462140992167
DataSet_01_100,IRF2,2.022064870180248,-0.49995,-0.49995,57,shRNA,GPL15394,-0.5 <= m < 0,False,False,0.7819843342036553,0.8237597911227154
DataSet_01_101,IRF6,0.9768623503594406,-1.60997,-1.60997,14,shRNA,GPL15394,-2 <= m < -1,True,False,0.1279373368146214,0.5469973890339426
DataSet_01_102,MYB,5.168232100034696,-0.73791,-0.73791,176,shRNA,GPL15394,-1 <= m < -0.5,False,True,0.9634464751958225,0.9647519582245431
DataSet_01_103,HNF1B,-3.245941621132994,-1.0585,-1.0585,64,shRNA,GPL570,-2 <= m < -1,True,False,0.018276762402088774,0.020887728459530026
DataSet_01_104,FOXA1,0.039266583326844254,-0.87875,-0.87875,69,siRNA,GPL10558,-1 <= m < -0.5,False,True,0.27154046997389036,0.27154046997389036
DataSet_01_105,FOXA1,-2.7424515186746796,-1.75809,-1.75809,69,shRNA,GPL10558,-2 <= m < -1,True,True,0.04960835509138381,0.04960835509138381
DataSet_01_106,FOXO1,5.563542999542764,-0.885,-0.885,264,shRNA,GPL570,-1 <= m < -0.5,False,True,0.95822454308094,0.9660574412532638
DataSet_01_107,SPDEF,-1.1692371441821081,0.70523,0.70523,18,shRNA,GPL96,m >= 0,False,True,0.46736292428198434,0.3968668407310705
DataSet_01_108,ARID1A,-4.658410837961701,-0.11945,-0.11945,8,shRNA,GPL10558,-0.5 <= m < 0,False,True,0.04960835509138381,0.04960835509138381
DataSet_01_109,ARID1A,-4.564817765720628,-0.1374,-0.1374,8,shRNA,GPL10558,-0.5 <= m < 0,False,True,0.005221932114882507,0.005221932114882507
DataSet_01_110,HOXA1,0.02346667135380259,0.0,0.0,26,siRNA,GPL13607,m >= 0,False,False,0.293733681462141,0.293733681462141
DataSet_01_111,ESR1,-6.4926512550672415,-0.37329,-0.37329,599,siRNA,GPL570,-0.5 <= m < 0,False,True,0.0039164490861618795,0.0039164490861618795
DataSet_01_112,HSF1,-0.21931967567128938,-1.08589,-1.08589,97,siRNA,GPL570,-2 <= m < -1,True,True,0.2402088772845953,0.381201044386423
DataSet_01_113,GABPA,-1.0806803771562414,-0.20155,-0.20155,38,siRNA,GPL570,-0.5 <= m < 0,False,True,0.2245430809399478,0.2245430809399478
DataSet_01_114,ARID1A,1.0558898951736218,-1.06589,-1.06589,8,siRNA,GPL15207,-2 <= m < -1,True,True,0.7898172323759791,0.7898172323759791
DataSet_01_115,ESRRA,-0.05760485095362111,-0.22577,-0.22577,48,shRNA,GPL10739,-0.5 <= m < 0,False,True,0.3877284595300261,0.4621409921671018
DataSet_01_116,TCF3,1.8252849619389684,-0.14649,-0.14649,124,shRNA,GPL6244,-0.5 <= m < 0,False,False,0.7467362924281984,0.7597911227154047
DataSet_01_117,ID1,2.5461312607567703,-1.33333,-1.33333,76,siRNA,GPL570,-2 <= m < -1,True,True,0.7924281984334204,0.8211488250652742
DataSet_01_118,ID1,-1.2259714063290705,-2.39931,-2.39931,76,siRNA,GPL570,m < -2,True,True,0.0835509138381201,0.16579634464751958
DataSet_01_119,BRD4,0.4597047798645134,-0.06175,-0.06175,11,shRNA,GPL6480,-0.5 <= m < 0,False,True,0.46475195822454307,0.46475195822454307
DataSet_01_120,GATA3,-0.23834328265326402,-0.81029,-0.81029,181,siRNA,GPL6947,-1 <= m < -0.5,False,True,0.37467362924281983,0.46475195822454307
DataSet_01_121,ZIC2,0.35573687890314926,-3.17208,-3.17208,7,siRNA,GPL10332,m < -2,True,False,0.5156657963446475,0.5169712793733682
DataSet_01_122,FOXM1,3.2809072013205873,-0.17816,-0.17816,96,siRNA,GPL570,-0.5 <= m < 0,False,True,0.9046997389033943,0.9046997389033943
DataSet_01_123,ZNF91,0.41440488897761757,-2.18049,-2.18049,48,siRNA,GPL5175,m < -2,True,False,0.4699738903394256,0.4699738903394256
DataSet_01_131,NFYA,-0.8963838643105175,-0.17698,-0.17698,92,shRNA,GPL570,-0.5 <= m < 0,False,True,0.283289817232376,0.30809399477806787
DataSet_01_132,EGR4,-1.8252271187702471,-1.1066,-1.1066,15,siRNA,GPL6480,-2 <= m < -1,True,False,0.05221932114882506,0.05221932114882506
DataSet_01_133,ID1,1.2688462694071199,0.88554,0.88554,76,shRNA,GPL6883,m >= 0,False,True,0.8093994778067886,0.7402088772845953
DataSet_01_134,ID1,1.1155450554174022,1.11922,1.11922,76,shRNA,GPL6883,m >= 0,False,True,0.8616187989556136,0.7989556135770235
DataSet_01_135,SPDEF,-1.1581062204499875,-1.04132,-1.04132,18,shRNA,GPL570,-2 <= m < -1,True,True,0.04960835509138381,0.1514360313315927
DataSet_01_136,REST,-19.792416650503295,-1.42747,-1.42747,73,siRNA,GPL570,-2 <= m < -1,True,True,0.0013054830287206266,0.0013054830287206266
DataSet_01_137,IKZF2,0.5673528265099349,-0.3455,-0.3455,5,shRNA,GPL10332,-0.5 <= m < 0,False,False,0.5992167101827677,0.5992167101827677
DataSet_01_138,IKZF1,2.5543756825262163,-1.02215,-1.02215,51,shRNA,GPL10332,-2 <= m < -1,True,False,0.9673629242819843,0.9673629242819843
DataSet_01_140,SOX4,1.4493326947450251,-0.05594,-0.05594,21,shRNA,GPL96,-0.5 <= m < 0,False,True,0.643603133159269,0.6514360313315927
DataSet_01_141,NR3C1,-0.8904919609895852,-0.0275,-0.0275,281,siRNA,GPL6244,-0.5 <= m < 0,False,False,0.2885117493472585,0.29112271540469975
DataSet_01_142,LEF1,-1.6545259756708008,-1.61584,-1.61584,115,siRNA,GPL570,-2 <= m < -1,True,False,0.028720626631853787,0.10966057441253264
DataSet_01_143,GLI2,0.24649673170285133,-0.36754,-0.36754,145,siRNA,GPL6244,-0.5 <= m < 0,False,False,0.5326370757180157,0.5313315926892951
DataSet_01_144,ZFX,0.09399396914029323,-0.53612,-0.53612,5,shRNA,GPL6244,-1 <= m < -0.5,False,True,0.43994778067885115,0.43994778067885115
DataSet_01_145,REST,-14.452025672976825,-1.19468,-1.19468,73,siRNA,GPL6244,-2 <= m < -1,True,True,0.0013054830287206266,0.0013054830287206266
DataSet_01_146,SF1,-8.376995638438911,0.00378,0.00378,12,siRNA,GPL6244,m >= 0,False,True,0.0013054830287206266,0.0013054830287206266
DataSet_01_147,EHF,0.15886705500714132,-1.91277,-1.91277,13,siRNA,GPL6244,-2 <= m < -1,True,False,0.391644908616188,0.391644908616188
DataSet_01_148,MYBL2,-1.9541417065095352,-1.52657,-1.52657,50,shRNA,GPL15401,-2 <= m < -1,True,True,0.0926892950391645,0.19973890339425587
DataSet_01_149,ETS2,2.5737264629573504,-1.04667,-1.04667,104,siRNA,GPL6244,-2 <= m < -1,True,False,0.8433420365535248,0.9569190600522193
DataSet_01_150,TFAP2C,-5.9271869793404655,-2.62373,-2.62373,33,shRNA,GPL14951,m < -2,True,True,0.0039164490861618795,0.009138381201044387
DataSet_01_151,TEAD4,-2.49061697318007,-1.66583,-1.66583,11,shRNA,GPL10558,-2 <= m < -1,True,True,0.03524804177545692,0.03524804177545692
DataSet_01_152,TAL1,0.4176020994877346,-0.81859,-0.81859,93,shRNA,GPL6244,-1 <= m < -0.5,False,True,0.46475195822454307,0.5822454308093995
DataSet_01_154,STAT1,-0.46918640277472184,-1.16067,-1.16067,293,shRNA,GPL570,-2 <= m < -1,True,True,0.412532637075718,0.48433420365535246
DataSet_01_155,HSF1,-2.9070773732859947,-3.16222,-3.16222,97,shRNA,GPL570,m < -2,True,True,0.007832898172323759,0.02610966057441253
DataSet_01_156,HIF1A,-1.9815457513114503,-2.85412,-2.85412,446,shRNA,GPL6244,m < -2,True,True,0.1422976501305483,0.031331592689295036
DataSet_01_157,ZFX,-2.197800280258847,-0.78428,-0.78428,5,shRNA,GPL6244,-1 <= m < -0.5,False,True,0.2154046997389034,0.2154046997389034
DataSet_01_158,HMGA1,-2.198005657098475,-0.49659,-0.49659,72,shRNA,GPL5175,-0.5 <= m < 0,False,True,0.1031331592689295,0.1801566579634465
DataSet_01_159,RUNX1,0.918842113559499,-0.07765,-0.07765,194,siRNA,GPL6244,-0.5 <= m < 0,False,True,0.7976501305483029,0.7989556135770235
DataSet_01_160,MYCN,-3.334567772345632,-0.77346,-0.77346,136,siRNA,GPL13158,-1 <= m < -0.5,False,True,0.014360313315926894,0.018276762402088774
DataSet_01_161,ETV1,-3.0081989267671148,-0.20792,-0.20792,21,shRNA,GPL6947,-0.5 <= m < 0,False,True,0.018276762402088774,0.018276762402088774
DataSet_01_162,ELK1,-0.6445922668224926,-1.74762,-1.74762,58,siRNA,GPL14550,-2 <= m < -1,True,True,0.2950391644908616,0.2950391644908616
DataSet_01_163,GATA3,-1.2621837849423974,0.35299,0.35299,181,siRNA,GPL14550,m >= 0,False,True,0.10443864229765012,0.10443864229765012
DataSet_01_164,JUN,-2.3513845631353982,-3.11636,-3.11636,636,siRNA,GPL14550,m < -2,True,True,0.024804177545691905,0.028720626631853787
DataSet_01_165,MAF,-2.1610630711362107,-8.52636,-8.52636,61,siRNA,GPL14550,m < -2,True,True,0.02741514360313316,0.04699738903394256
DataSet_01_166,NFATC3,0.42319220017935566,-1.78257,-1.78257,40,siRNA,GPL14550,-2 <= m < -1,True,False,0.6932114882506527,0.6932114882506527
DataSet_01_167,NFKB1,-0.18307065302009745,-0.44289,-0.44289,417,siRNA,GPL14550,-0.5 <= m < 0,False,True,0.33550913838120106,0.3368146214099217
DataSet_01_168,STAT3,-4.561765082247013,-1.77563,-1.77563,424,siRNA,GPL14550,-2 <= m < -1,True,True,0.0026109660574412533,0.0026109660574412533
DataSet_01_169,HOXB7,-1.576849910620377,-3.53249,-3.53249,23,siRNA,GPL10332,m < -2,True,True,0.1122715404699739,0.10704960835509138
DataSet_01_170,HOXB7,2.5280919151221672,-2.7728,-2.7728,23,siRNA,GPL10332,m < -2,True,True,0.9647519582245431,0.9647519582245431
DataSet_01_171,FOSL1,0.5789540731053655,-1.41633,-1.41633,50,siRNA,GPL11532,-2 <= m < -1,True,False,0.5234986945169713,0.5195822454308094
DataSet_01_172,JUN,1.380277077865083,-0.77807,-0.77807,636,siRNA,GPL11532,-1 <= m < -0.5,False,True,0.8524804177545692,0.8629242819843342
DataSet_01_173,ESRRG,-0.5002247475045073,-1.14821,-1.14821,25,siRNA,GPL10558,-2 <= m < -1,True,False,0.12532637075718014,0.26762402088772846
DataSet_01_174,NR4A1,0.561902033953875,-0.00111,-0.00111,106,siRNA,GPL10558,-0.5 <= m < 0,False,True,0.6971279373368147,0.6971279373368147
DataSet_01_175,TP53,-2.7890635537113613,-2.24874,-2.24874,930,siRNA,GPL570,m < -2,True,True,0.005221932114882507,0.005221932114882507
DataSet_01_176,NR2F2,-0.5242656065503488,-2.13662,-2.13662,78,siRNA,GPL6947,m < -2,True,True,0.018276762402088774,0.283289817232376
DataSet_01_177,NR2F2,-0.6077389839205112,-2.04676,-2.04676,78,siRNA,GPL6947,m < -2,True,True,0.0195822454308094,0.3342036553524804
DataSet_01_178,HSF1,0.28382994618832286,-0.79593,-0.79593,97,shRNA,GPL6884,-1 <= m < -0.5,False,True,0.40992167101827676,0.4621409921671018
DataSet_01_179,ETV1,-0.6427417087786834,-0.20308,-0.20308,21,shRNA,GPL10558,-0.5 <= m < 0,False,True,0.2154046997389034,0.2154046997389034
DataSet_01_180,STAT3,5.703274917383621,-1.25806,-1.25806,424,siRNA,GPL10558,-2 <= m < -1,True,True,0.9595300261096605,0.9725848563968669
DataSet_01_181,STAT3,-0.4134665199096418,-0.43176,-0.43176,424,siRNA,GPL10558,-0.5 <= m < 0,False,True,0.3093994778067885,0.3720626631853786
DataSet_01_182,NR5A2,1.0971324164091285,-0.49334,-0.49334,62,siRNA,GPL6947,-0.5 <= m < 0,False,False,0.6514360313315927,0.7362924281984334
DataSet_01_183,TP63,-3.4714071956247556,-1.01935,-1.01935,197,shRNA,GPL10558,-2 <= m < -1,True,True,0.033942558746736295,0.04308093994778068
DataSet_01_184,STAT3,-6.204926997769832,-2.20116,-2.20116,424,siRNA,GPL10558,m < -2,True,True,0.005221932114882507,0.006527415143603133
DataSet_01_185,TCF4,1.5958741506476968,-1.94197,-1.94197,56,siRNA,GPL13915,-2 <= m < -1,True,True,0.7650130548302873,0.7689295039164491
DataSet_01_186,HSF1,0.5348141227707274,-0.02676,-0.02676,97,siRNA,GPL10558,-0.5 <= m < 0,False,True,0.6514360313315927,0.6684073107049608
DataSet_01_187,HSF2,0.851109614054962,-0.12857,-0.12857,24,siRNA,GPL10558,-0.5 <= m < 0,False,True,0.6214099216710183,0.7767624020887729
DataSet_01_188,PGR,1.0571640938963551,-0.26924,-0.26924,125,siRNA,GPL571,-0.5 <= m < 0,False,False,0.7689295039164491,0.8302872062663186
DataSet_01_189,SPDEF,2.666981878269593,-1.49909,-1.49909,18,siRNA,GPL10558,-2 <= m < -1,True,True,0.22845953002610966,0.9308093994778068
DataSet_01_190,GABPA,5.320423741198457,9.87959,9.87959,38,shRNA,GPL10558,m >= 0,False,True,0.9765013054830287,0.9765013054830287
DataSet_01_191,GABPA,5.512577302031193,9.4972,9.4972,38,shRNA,GPL10558,m >= 0,False,True,0.9778067885117493,0.9778067885117493
DataSet_01_192,AR,0.2563744672418299,-1.3753,-1.3753,492,siRNA,GPL10904,-2 <= m < -1,True,True,0.360313315926893,0.4386422976501306
DataSet_01_193,GATA2,-1.1340282365711396,0.68119,0.68119,96,siRNA,GPL14550,m >= 0,False,True,0.2245430809399478,0.21409921671018275
DataSet_01_194,CREB1,-1.0608910023046672,-0.04391,-0.04391,443,shRNA,GPL570,-0.5 <= m < 0,False,True,0.20234986945169714,0.20496083550913838
DataSet_01_195,CREB1,0.2556757410055531,-0.15104,-0.15104,443,shRNA,GPL570,-0.5 <= m < 0,False,True,0.5026109660574413,0.5091383812010444
DataSet_01_196,TP63,-1.9173097528865353,-1.31678,-1.31678,197,siRNA,GPL96,-2 <= m < -1,True,True,0.11357702349869452,0.1279373368146214
DataSet_01_197,TP63,-0.8625604750930965,0.0,0.0,197,siRNA,GPL97,m >= 0,False,True,0.10835509138381201,0.10835509138381201
DataSet_01_198,TP63,-2.934266030705845,-1.73883,-1.73883,197,siRNA,GPL96,-2 <= m < -1,True,True,0.07571801566579635,0.09399477806788512
DataSet_01_199,TP63,0.007844627390255045,0.0,0.0,197,siRNA,GPL97,m >= 0,False,True,0.47911227154047,0.47911227154047
DataSet_01_200,TP63,-0.5149989775097814,-1.21925,-1.21925,197,siRNA,GPL570,-2 <= m < -1,True,True,0.23237597911227154,0.2793733681462141
DataSet_01_201,TP63,-3.2111655485425814,-0.69051,-0.69051,197,siRNA,GPL570,-1 <= m < -0.5,False,True,0.009138381201044387,0.009138381201044387
DataSet_01_202,TP63,-1.9918687711465408,-0.75747,-0.75747,197,siRNA,GPL570,-1 <= m < -0.5,False,True,0.04960835509138381,0.0587467362924282
DataSet_01_203,XBP1,-0.20561911917147058,-2.69096,-2.69096,52,shRNA,GPL570,m < -2,True,True,0.195822454308094,0.45822454308093996
DataSet_01_204,XBP1,-1.496176950598011,-1.83171,-1.83171,52,shRNA,GPL570,-2 <= m < -1,True,True,0.022193211488250653,0.07180156657963446
DataSet_01_205,HIC1,4.093644520895852,0.42471,0.42471,20,shRNA,GPL17077,m >= 0,False,True,1.0,1.0
DataSet_01_206,ATF2,1.1162395379769094,0.03513,0.03513,118,siRNA,GPL6884,m >= 0,False,False,0.779373368146214,0.7754569190600522
DataSet_01_207,MITF,-4.207786402826229,-0.84891,-0.84891,108,shRNA,GPL6244,-1 <= m < -0.5,False,True,0.007832898172323759,0.010443864229765013
DataSet_01_208,FOXP1,0.4438147180311783,-0.88367,-0.88367,32,siRNA,GPL570,-1 <= m < -0.5,False,True,0.5953002610966057,0.6840731070496083
DataSet_01_209,FOXP1,-2.726224708416871,-0.91617,-0.91617,32,siRNA,GPL570,-1 <= m < -0.5,False,True,0.03524804177545692,0.048302872062663184
DataSet_01_210,FOXP1,-0.14354105493150354,-0.51081,-0.51081,32,siRNA,GPL570,-1 <= m < -0.5,False,True,0.5809399477806788,0.6148825065274152
DataSet_01_211,REST,-9.66953410025156,-1.90083,-1.90083,73,siRNA,GPL14550,-2 <= m < -1,True,True,0.0013054830287206266,0.0013054830287206266
DataSet_01_212,EGR3,-0.46921221243688727,0.52107,0.52107,32,shRNA,GPL570,m >= 0,False,True,0.4112271540469974,0.40992167101827676
DataSet_01_213,SOX11,-1.6364799748476067,-1.94653,-1.94653,11,shRNA,GPL570,-2 <= m < -1,True,True,0.11879895561357702,0.11879895561357702
DataSet_01_214,BCLAF1,0.24350356515820332,-1.2932,-1.2932,7,shRNA,GPL570,-2 <= m < -1,True,True,0.020887728459530026,0.5274151436031331
DataSet_01_216,ERG,-0.1067155008399947,-0.84468,-0.84468,55,siRNA,GPL10558,-1 <= m < -0.5,False,True,0.3302872062663185,0.4608355091383812
DataSet_01_217,TAL1,-0.7180965665906862,-2.05844,-2.05844,93,shRNA,GPL13497,m < -2,True,True,0.08485639686684072,0.1475195822454308
DataSet_01_220,HIF1A,-4.442130870193652,-1.23384,-1.23384,446,shRNA,GPL6244,-2 <= m < -1,True,True,0.01174934725848564,0.007832898172323759
DataSet_01_221,KLF3,6.048741821314679,0.04916,0.04916,13,shRNA,GPL10558,m >= 0,False,False,0.9986945169712794,0.9986945169712794
DataSet_01_222,KLF9,0.030438651304031377,-2.95993,-2.95993,25,siRNA,GPL10558,m < -2,True,False,0.43733681462140994,0.43733681462140994
DataSet_01_223,FOXM1,-0.41478189507825947,-3.69268,-3.69268,96,siRNA,GPL96,m < -2,True,True,0.04308093994778068,0.24673629242819844
DataSet_01_224,HIF1A,-2.823511511255543,-1.95443,-1.95443,446,shRNA,GPL14951,-2 <= m < -1,True,True,0.028720626631853787,0.016971279373368148
DataSet_01_225,SNAI2,-3.5631939637384593,-0.46229,-0.46229,48,shRNA,GPL570,-0.5 <= m < 0,False,True,0.005221932114882507,0.005221932114882507
DataSet_01_226,KLF2,0.25759260365778724,-1.74897,-1.74897,65,shRNA,GPL570,-2 <= m < -1,True,True,0.4451697127937337,0.5757180156657964
DataSet_01_227,IRX1,1.3600383176259752,0.9612,0.9612,19,shRNA,GPL15491,m >= 0,False,False,0.922976501305483,0.8629242819843342
DataSet_01_228,HIF1A,-9.394302588136707,-1.68165,-1.68165,446,siRNA,GPL6244,-2 <= m < -1,True,True,0.014360313315926894,0.005221932114882507
DataSet_01_229,ESR2,3.0864628475357003,-0.01667,-0.01667,195,siRNA,GPL11532,-0.5 <= m < 0,False,False,0.9281984334203656,0.9281984334203656
DataSet_01_230,JUN,-4.685936725921522,-0.37104,-0.37104,636,shRNA,GPL5175,-0.5 <= m < 0,False,True,0.022193211488250653,0.0195822454308094
DataSet_01_231,MYC,-4.7762490235875745,-0.24724,-0.24724,844,siRNA,GPL13158,-0.5 <= m < 0,False,True,0.014360313315926894,0.014360313315926894
DataSet_01_232,ZEB1,-7.925561554894204,0.0,0.0,60,siRNA,GPL570,m >= 0,False,False,0.0026109660574412533,0.0026109660574412533
DataSet_01_233,FOXA1,-0.45234188618174503,-1.43603,-1.43603,69,siRNA,GPL6244,-2 <= m < -1,True,True,0.14490861618798956,0.1422976501305483
DataSet_01_234,FOXP1,0.04357081411103246,-0.72432,-0.72432,32,siRNA,GPL6244,-1 <= m < -0.5,False,True,0.34203655352480417,0.4725848563968668
DataSet_01_236,FOXC2,0.16787989858944904,-0.5495,-0.5495,24,siRNA,GPL6244,-1 <= m < -0.5,False,False,0.39295039164490864,0.39295039164490864
DataSet_01_237,MYC,-7.745858391522556,-0.93234,-0.93234,844,shRNA,GPL16686,-1 <= m < -0.5,False,True,0.007832898172323759,0.006527415143603133
DataSet_01_238,NFYB,-2.5569553882654765,-2.46407,-2.46407,40,siRNA,GPL571,m < -2,True,True,0.08746736292428199,0.08746736292428199
DataSet_01_240,ARNT,1.0098750027565626,-0.00907,-0.00907,67,shRNA,GPL570,-0.5 <= m < 0,False,True,0.7571801566579635,0.758485639686684
DataSet_01_241,TCF4,1.6927532911502168,-0.81309,-0.81309,56,siRNA,GPL10558,-1 <= m < -0.5,False,True,0.9073107049608355,0.9099216710182768
DataSet_01_242,EGR2,1.2375599582209498,-0.2155,-0.2155,72,siRNA,GPL19264,-0.5 <= m < 0,False,True,0.8459530026109661,0.8785900783289817
DataSet_01_243,EGR2,1.8678440247339327,0.15428,0.15428,72,siRNA,GPL19264,m >= 0,False,True,0.9556135770234987,0.9490861618798956
DataSet_01_244,ETS1,-2.9020502752885386,-2.27346,-2.27346,205,siRNA,GPL19197,m < -2,True,True,0.031331592689295036,0.05613577023498695
DataSet_01_245,RUNX1,-2.319055987344822,-0.79607,-0.79607,194,siRNA,GPL19197,-1 <= m < -0.5,False,True,0.024804177545691905,0.05352480417754569
DataSet_01_246,TLX1,2.2233692831030196,-1.99088,-1.99088,9,siRNA,GPL19197,-2 <= m < -1,True,True,0.04308093994778068,0.95822454308094
DataSet_01_247,GATA6,-1.9063960469565104,-1.15245,-1.15245,83,siRNA,GPL16686,-2 <= m < -1,True,True,0.06135770234986945,0.10443864229765012
DataSet_01_248,SMAD2,-1.7116769607182472,-1.43249,-1.43249,103,siRNA,GPL4525,-2 <= m < -1,True,True,0.1801566579634465,0.17754569190600522
DataSet_01_249,SMAD3,-2.7424408470584742,-0.84208,-0.84208,183,siRNA,GPL4525,-1 <= m < -0.5,False,True,0.04699738903394256,0.04699738903394256
DataSet_01_250,SMAD4,-2.2663057651290104,-0.96317,-0.96317,136,siRNA,GPL4525,-1 <= m < -0.5,False,True,0.14490861618798956,0.14360313315926893
DataSet_01_251,TAL1,-0.48776497173877176,-0.25618,-0.25618,93,shRNA,GPL6244,-0.5 <= m < 0,False,True,0.2989556135770235,0.3668407310704961
DataSet_01_252,TWIST1,-1.6715834339586173,-0.87531,-0.87531,75,shRNA,GPL13607,-1 <= m < -0.5,False,True,0.10443864229765012,0.10443864229765012
DataSet_01_253,TWIST1,-0.35582581965093635,-0.97437,-0.97437,75,shRNA,GPL13607,-1 <= m < -0.5,False,True,0.304177545691906,0.304177545691906
DataSet_01_254,TWIST1,-1.0282960192552026,-0.92484,-0.92484,75,shRNA,GPL13607,-1 <= m < -0.5,False,True,0.17754569190600522,0.17885117493472585
DataSet_01_255,YBX1,0.37099211088455625,-1.44835,-1.44835,90,shRNA,GPL10558,-2 <= m < -1,True,True,0.5052219321148825,0.6710182767624021
DataSet_01_256,YBX1,-1.3304817233381316,-1.6777,-1.6777,90,shRNA,GPL10558,-2 <= m < -1,True,True,0.028720626631853787,0.12402088772845953
DataSet_01_257,YBX1,1.2290343363172838,-1.3417,-1.3417,90,shRNA,GPL10558,-2 <= m < -1,True,True,0.6736292428198434,0.7467362924281984
DataSet_01_258,YBX1,-1.0023289887369742,-1.78501,-1.78501,90,shRNA,GPL10558,-2 <= m < -1,True,True,0.07441253263707572,0.2258485639686684
DataSet_01_259,YBX1,0.8919488513568139,0.0,0.0,90,shRNA,GPL10558,m >= 0,False,True,0.8433420365535248,0.8433420365535248
DataSet_01_260,SOX4,-0.9293344501640257,-3.22029,-3.22029,21,shRNA,GPL10904,m < -2,True,True,0.02349869451697128,0.17885117493472585
DataSet_01_261,NFKB2,-1.4523437127689875,-1.50026,-1.50026,72,siRNA,GPL6244,-2 <= m < -1,True,False,0.06919060052219321,0.2780678851174935
DataSet_01_262,IRF4,1.0278967776335866,-0.97619,-0.97619,58,shRNA,GPL18405,-1 <= m < -0.5,False,True,0.5953002610966057,0.8080939947780679
DataSet_01_263,TLX1,-0.7551328846994568,-0.53493,-0.53493,9,shRNA,GPL570,-1 <= m < -0.5,False,True,0.1919060052219321,0.391644908616188
DataSet_01_265,MEF2A,-1.8839520485357495,-0.01976,-0.01976,113,shRNA,GPL10558,-0.5 <= m < 0,False,False,0.19973890339425587,0.19973890339425587
DataSet_01_266,HES1,0.9609027541089141,0.7269,0.7269,90,shRNA,GPL10558,m >= 0,False,False,0.7950391644908616,0.7441253263707572
DataSet_01_267,FOXO3,-0.2633802448696978,-1.83034,-1.83034,190,siRNA,GPL17077,-2 <= m < -1,True,False,0.20887728459530025,0.29765013054830286
DataSet_01_268,OTX2,-2.238927652159383,-0.70495,-0.70495,42,siRNA,GPL16686,-1 <= m < -0.5,False,False,0.014360313315926894,0.06005221932114883
DataSet_01_269,SIX4,0.45709601005072314,-3.3989,-3.3989,7,siRNA,GPL10558,m < -2,True,False,0.5718015665796344,0.5718015665796344
DataSet_01_270,FOXO1,-7.399521494436041,-0.96386,-0.96386,264,siRNA,GPL10558,-1 <= m < -0.5,False,True,0.010443864229765013,0.01174934725848564
DataSet_01_271,SF1,-7.29121224251057,0.03327,0.03327,12,siRNA,GPL16699,m >= 0,False,True,0.0013054830287206266,0.0013054830287206266
DataSet_01_272,CREB1,-1.5837945080568576,0.03079,0.03079,443,shRNA,GPL10558,m >= 0,False,True,0.09660574412532637,0.0926892950391645
DataSet_01_273,CREB1,-3.074206933359549,0.27466,0.27466,443,shRNA,GPL10558,m >= 0,False,True,0.02741514360313316,0.020887728459530026
DataSet_01_274,CREB1,0.3389782101229639,0.14128,0.14128,443,shRNA,GPL10558,m >= 0,False,True,0.5704960835509139,0.5456919060052219
DataSet_01_275,CREB1,-1.7450551981994293,0.0099,0.0099,443,shRNA,GPL10558,m >= 0,False,True,0.09007832898172324,0.08877284595300261
DataSet_01_277,SALL4,-0.34729181181961816,-1.96854,-1.96854,20,shRNA,GPL6244,-2 <= m < -1,True,True,0.25326370757180156,0.587467362924282
DataSet_01_278,AR,-3.3477187507078656,-0.59184,-0.59184,492,shRNA,GPL16686,-1 <= m < -0.5,False,True,0.01174934725848564,0.010443864229765013
DataSet_01_280,ESRRA,-0.9537107385722714,-1.91149,-1.91149,48,shRNA,GPL17077,-2 <= m < -1,True,True,0.1409921671018277,0.2950391644908616
DataSet_01_281,MSX1,-2.83933595963868,-4.25376,-4.25376,25,siRNA,GPL17077,m < -2,True,False,0.14882506527415143,0.03263707571801567
DataSet_01_282,IRF7,-0.6941873597738757,-1.8021,-1.8021,31,siRNA,GPL20609,-2 <= m < -1,True,False,0.3198433420365535,0.3237597911227154
DataSet_01_283,AHR,-3.7502259372532656,-1.92282,-1.92282,190,siRNA,GPL16686,-2 <= m < -1,True,False,0.031331592689295036,0.037859007832898174
DataSet_01_286,TP53,0.07890182453758549,0.0,0.0,930,shRNA,GPL10558,m >= 0,False,True,0.6018276762402088,0.6018276762402088
DataSet_01_287,NFYA,-3.056901749592922,0.0723,0.0723,92,shRNA,GPL17889,m >= 0,False,True,0.020887728459530026,0.020887728459530026
DataSet_01_288,NFYA,-0.6353910972840918,-0.40614,-0.40614,92,shRNA,GPL17889,-0.5 <= m < 0,False,True,0.42297650130548303,0.46736292428198434
DataSet_01_289,GRHL2,-2.7065230659109765,-0.27854,-0.27854,9,shRNA,GPL16686,-0.5 <= m < 0,False,True,0.009138381201044387,0.0195822454308094
DataSet_01_290,SP3,1.6663350593686754,-0.97463,-0.97463,420,siRNA,GPL571,-1 <= m < -0.5,False,False,0.7049608355091384,0.737597911227154
DataSet_01_291,JUN,3.109282254603581,-0.61763,-0.61763,636,siRNA,GPL11532,-1 <= m < -0.5,False,True,0.9686684073107049,0.9699738903394256
DataSet_01_292,SNAI2,-4.401162443879471,-0.42818,-0.42818,48,siRNA,GPL10558,-0.5 <= m < 0,False,True,0.0026109660574412533,0.0026109660574412533
DataSet_01_294,RELB,0.5983957643310424,-0.30257,-0.30257,55,siRNA,GPL10558,-0.5 <= m < 0,False,True,0.45039164490861616,0.5313315926892951
DataSet_01_295,TFAP4,-1.6220616728866786,-3.08766,-3.08766,36,siRNA,GPL570,m < -2,True,False,0.4621409921671018,0.5783289817232375
DataSet_01_296,MYCN,-2.8470777204336897,0.00377,0.00377,136,siRNA,GPL570,m >= 0,False,True,0.030026109660574413,0.030026109660574413
DataSet_01_297,EP300,1.1281968851953006,0.0,0.0,73,siRNA,GPL17586,m >= 0,False,True,0.8498694516971279,0.8498694516971279
DataSet_01_298,ARID1B,-0.4552725269419661,-0.7345,-0.7345,5,shRNA,GPL6244,-1 <= m < -0.5,False,False,0.4281984334203655,0.4281984334203655
DataSet_01_299,SOX7,-1.5846841961733678,-1.87406,-1.87406,6,siRNA,GPL13497,-2 <= m < -1,True,False,0.12532637075718014,0.12532637075718014
DataSet_01_300,SOX17,-1.4681992054078017,-2.02528,-2.02528,44,siRNA,GPL13497,m < -2,True,True,0.0587467362924282,0.11618798955613577
DataSet_01_304,ETV5,5.244756485211762,-1.12304,-1.12304,23,siRNA,GPL10558,-2 <= m < -1,True,False,0.9738903394255874,0.9738903394255874
DataSet_01_305,HOXA5,-0.47105138392236906,-1.5133,-1.5133,16,shRNA,GPL10558,-2 <= m < -1,True,False,0.4308093994778068,0.42950391644908614
DataSet_01_306,NR2E1,-2.461964947571235,-1.10318,-1.10318,16,shRNA,GPL15207,-2 <= m < -1,True,False,0.2349869451697128,0.097911227154047
DataSet_01_307,ARNT,-2.5840501041003314,-0.15258,-0.15258,67,shRNA,GPL10558,-0.5 <= m < 0,False,True,0.09530026109660575,0.12140992167101827
DataSet_01_308,SOX9,-1.324185074421451,-1.10787,-1.10787,103,siRNA,GPL570,-2 <= m < -1,True,True,0.13838120104438642,0.17493472584856398
DataSet_01_309,SOX9,-1.324185074421451,-1.10787,-1.10787,103,siRNA,GPL570,-2 <= m < -1,True,True,0.13838120104438642,0.17493472584856398
DataSet_01_310,MTF1,-5.142865217758468,-0.34855,-0.34855,31,siRNA,GPL10558,-0.5 <= m < 0,False,False,0.0013054830287206266,0.0013054830287206266
DataSet_01_311,BRD4,-8.488817756633264,-0.6449,-0.6449,11,siRNA,GPL570,-1 <= m < -0.5,False,True,0.0013054830287206266,0.0013054830287206266
DataSet_01_312,TFAP2C,-1.0444337419928955,-1.5329,-1.5329,33,siRNA,GPL16686,-2 <= m < -1,True,True,0.03263707571801567,0.14882506527415143
DataSet_01_314,RUNX1,-0.9461755720967778,-0.21464,-0.21464,194,shRNA,GPL17586,-0.5 <= m < 0,False,True,0.3838120104438642,0.39947780678851175
DataSet_01_315,ARNT,0.7344738761388758,-0.06857,-0.06857,67,siRNA,GPL2895,-0.5 <= m < 0,False,True,0.7571801566579635,0.758485639686684
DataSet_01_316,ERG,-1.0454839367410838,-0.02152,-0.02152,55,siRNA,GPL10558,-0.5 <= m < 0,False,True,0.16057441253263707,0.16318537859007834
DataSet_01_317,ARNT,0.18690702894292766,-0.63717,-0.63717,67,shRNA,GPL10558,-1 <= m < -0.5,False,True,0.48433420365535246,0.6488250652741514
DataSet_01_318,ELK3,-0.4399267533711438,-2.82074,-2.82074,27,shRNA,GPL15207,m < -2,True,False,0.44386422976501305,0.44386422976501305
DataSet_01_320,HNF4G,-4.68329060058343,-0.22266,-0.22266,11,shRNA,GPL10558,-0.5 <= m < 0,False,False,0.0039164490861618795,0.0039164490861618795
DataSet_01_321,FOXO1,2.2911079670067105,-0.00202,-0.00202,264,shRNA,GPL6244,-0.5 <= m < 0,False,True,0.8289817232375979,0.8289817232375979
DataSet_01_322,FOXO1,2.282616599629286,0.0721,0.0721,264,shRNA,GPL6244,m >= 0,False,True,0.8759791122715405,0.8746736292428199
DataSet_01_323,AR,-0.7201468254027054,-0.899,-0.899,492,shRNA,GPL16686,-1 <= m < -0.5,False,True,0.17232375979112272,0.19451697127937337
DataSet_01_324,MYC,-7.678654499177397,-1.68378,-1.68378,844,siRNA,GPL20844,-2 <= m < -1,True,True,0.0013054830287206266,0.0013054830287206266
DataSet_01_325,TP63,0.2969977795755001,-0.44191,-0.44191,197,shRNA,GPL6244,-0.5 <= m < 0,False,True,0.4086161879895561,0.4386422976501306
DataSet_01_326,TP63,1.1447586832463785,-0.70299,-0.70299,197,shRNA,GPL6244,-1 <= m < -0.5,False,True,0.7872062663185379,0.860313315926893
DataSet_01_327,TP63,-2.948766719376493,-2.18471,-2.18471,197,shRNA,GPL6244,m < -2,True,True,0.015665796344647518,0.033942558746736295
DataSet_01_328,TP63,0.2969977795755001,-0.44191,-0.44191,197,shRNA,GPL6244,-0.5 <= m < 0,False,True,0.4086161879895561,0.4386422976501306
DataSet_01_329,TP63,1.1447586832463785,-0.70299,-0.70299,197,shRNA,GPL6244,-1 <= m < -0.5,False,True,0.7872062663185379,0.860313315926893
DataSet_01_330,TP63,-2.948766719376493,-2.18471,-2.18471,197,shRNA,GPL6244,m < -2,True,True,0.015665796344647518,0.033942558746736295
DataSet_01_331,TOX,0.4893174003476991,-0.77077,-0.77077,4,shRNA,GPL16686,-1 <= m < -0.5,False,True,0.07441253263707572,0.4425587467362924
DataSet_01_332,TOX,-0.40406290373937676,-1.15678,-1.15678,4,shRNA,GPL16686,-2 <= m < -1,True,True,0.014360313315926894,0.37989556135770236
DataSet_01_333,HOXC6,-0.38107645373567905,-2.32533,-2.32533,12,siRNA,GPL96,m < -2,True,False,0.3342036553524804,0.33159268929503916
DataSet_01_334,STAT3,-1.564867996215091,-0.79893,-0.79893,424,siRNA,GPL19251,-1 <= m < -0.5,False,True,0.09660574412532637,0.12010443864229765
DataSet_01_335,NFE2L2,-4.012711991758522,-0.76166,-0.76166,195,siRNA,GPL15207,-1 <= m < -0.5,False,True,0.005221932114882507,0.005221932114882507
DataSet_01_336,GRHL3,-0.8234688776112336,-3.45616,-3.45616,28,siRNA,GPL6244,m < -2,True,True,0.2010443864229765,0.2010443864229765
DataSet_01_337,REST,-16.737601272576672,-2.52843,-2.52843,73,siRNA,GPL6244,m < -2,True,True,0.0013054830287206266,0.0013054830287206266
DataSet_01_338,REST,-17.771850370965243,-2.7384,-2.7384,73,siRNA,GPL6244,m < -2,True,True,0.0013054830287206266,0.0013054830287206266
DataSet_01_339,KLF4,2.9772179644437626,-1.46365,-1.46365,127,siRNA,GPL6244,-2 <= m < -1,True,True,0.8133159268929504,0.8746736292428199
DataSet_01_340,KLF7,0.453898331533197,-1.53167,-1.53167,10,siRNA,GPL6244,-2 <= m < -1,True,True,0.4556135770234987,0.7872062663185379
DataSet_01_341,KLF4,1.9516136421369148,-0.63562,-0.63562,127,siRNA,GPL16686,-1 <= m < -0.5,False,True,0.9543080939947781,0.9634464751958225
DataSet_01_342,KLF7,0.01119179506211881,-1.84779,-1.84779,10,siRNA,GPL16686,-2 <= m < -1,True,True,0.05613577023498695,0.4830287206266319
DataSet_01_343,RUNX1,-0.7599903129705424,-0.044,-0.044,194,shRNA,GPL17692,-0.5 <= m < 0,False,True,0.20887728459530025,0.21148825065274152
DataSet_01_344,RUNX1,-0.7075772720731555,-0.11793,-0.11793,194,shRNA,GPL17692,-0.5 <= m < 0,False,True,0.2898172323759791,0.3002610966057441
DataSet_01_345,ARID1A,-3.19009476337953,-0.266,-0.266,8,shRNA,GPL10558,-0.5 <= m < 0,False,True,0.07571801566579635,0.07571801566579635
DataSet_01_346,TCF7L1,0.24744825820747432,-0.47957,-0.47957,6,shRNA,GPL10558,-0.5 <= m < 0,False,True,0.49216710182767626,0.49216710182767626
DataSet_01_347,GATA3,0.941478854171644,-1.49625,-1.49625,181,siRNA,GPL21185,-2 <= m < -1,True,True,0.7571801566579635,0.8093994778067886
DataSet_01_348,HIF1A,-7.190073961571386,-2.45837,-2.45837,446,siRNA,GPL21185,m < -2,True,True,0.0013054830287206266,0.0013054830287206266
DataSet_01_349,SOX2,-5.1486646838310435,-1.66135,-1.66135,87,shRNA,GPL10558,-2 <= m < -1,True,True,0.006527415143603133,0.013054830287206266
DataSet_01_350,SOX2,-0.01297996084370648,-0.91185,-0.91185,87,siRNA,GPL10558,-1 <= m < -0.5,False,True,0.26370757180156656,0.412532637075718
DataSet_01_351,SMAD2,1.3806972714630934,-0.8477,-0.8477,103,siRNA,GPL4525,-1 <= m < -0.5,False,True,0.741514360313316,0.737597911227154
DataSet_01_352,SMAD3,1.0935642505262284,-0.72227,-0.72227,183,siRNA,GPL4525,-1 <= m < -0.5,False,True,0.7911227154046997,0.7859007832898173
DataSet_01_353,ZNF24,-2.7227051396738946,-0.52233,-0.52233,5,siRNA,GPL6480,-1 <= m < -0.5,False,False,0.06266318537859007,0.06266318537859007
DataSet_01_354,ELK1,-0.19121880419992102,-1.46354,-1.46354,58,siRNA,GPL4133,-2 <= m < -1,True,True,0.5248041775456919,0.5248041775456919
DataSet_01_355,NFYA,-1.335050524176671,-0.44441,-0.44441,92,siRNA,GPL4133,-0.5 <= m < 0,False,True,0.19321148825065274,0.21409921671018275
DataSet_01_356,ETV4,2.0841412790469667,-1.64145,-1.64145,61,shRNA,GPL4133,-2 <= m < -1,True,False,0.8368146214099217,0.9138381201044387
DataSet_01_357,CDX2,0.9278965823717171,-1.29555,-1.29555,76,siRNA,GPL4133,-2 <= m < -1,True,False,0.6879895561357703,0.7493472584856397
DataSet_01_358,HOXA10,-0.9916864387913747,0.0,0.0,49,siRNA,GPL15226,m >= 0,False,False,0.21279373368146215,0.21279373368146215
DataSet_01_359,PAX3,-2.1374247289509314,-0.23075,-0.23075,112,shRNA,GPL6480,-0.5 <= m < 0,False,True,0.0731070496083551,0.07963446475195822
DataSet_01_360,SOX17,-0.6894638225086794,-1.7728,-1.7728,44,siRNA,GPL10332,-2 <= m < -1,True,True,0.2154046997389034,0.3328981723237598
DataSet_01_361,RUNX2,1.1743788829516792,0.09301,0.09301,123,shRNA,GPL4133,m >= 0,False,True,0.7702349869451697,0.7545691906005222
DataSet_01_363,GRHL2,0.13360034175189225,0.07649,0.07649,9,CRISPRko,GPL4133,m >= 0,False,True,0.4556135770234987,0.4073107049608355
DataSet_01_364,GRHL2,-1.3032551997840929,-0.03762,-0.03762,9,shRNA,GPL4133,-0.5 <= m < 0,False,True,0.08877284595300261,0.10052219321148825
DataSet_02_005,CEBPZ,-2.975881875985271,-0.39931,-0.39931,18,CRISPRedit,-,-0.5 <= m < 0,False,True,0.06135770234986945,0.06135770234986945
DataSet_02_015,HOXB9,-1.1075053982247145,-1.13412,-1.13412,6,CRISPRi,-,-2 <= m < -1,True,False,0.19973890339425587,0.19973890339425587
DataSet_02_016,JUND,-3.093030360332618,-1.25221,-1.25221,103,CRISPRi,-,-2 <= m < -1,True,True,0.018276762402088774,0.024804177545691905
DataSet_02_017,BACH1,1.5757488727365765,0.0,0.0,15,CRISPRi,-,m >= 0,False,True,0.8537859007832899,0.8537859007832899
DataSet_02_018,STAT2,-2.8123245778999424,-1.70754,-1.70754,49,CRISPRi,-,-2 <= m < -1,True,False,0.07571801566579635,0.07571801566579635
DataSet_02_019,NR2F2,-0.7344569586402567,-0.60648,-0.60648,78,CRISPRi,-,-1 <= m < -0.5,False,True,0.3981723237597911,0.4177545691906005
DataSet_02_021,SRF,-1.945496058159834,-0.5929,-0.5929,101,CRISPRi,-,-1 <= m < -0.5,False,True,0.1031331592689295,0.11357702349869452
DataSet_02_022,NFATC1,-3.2174670219021353,-0.85696,-0.85696,117,CRISPRi,-,-1 <= m < -0.5,False,False,0.020887728459530026,0.02349869451697128
DataSet_02_023,STAT1,1.0983647027083951,-1.72967,-1.72967,293,CRISPRi,-,-2 <= m < -1,True,True,0.8955613577023499,0.9151436031331592
DataSet_02_024,NFYB,-2.537048670019278,-0.75754,-0.75754,40,CRISPRi,-,-1 <= m < -0.5,False,True,0.06266318537859007,0.06266318537859007
DataSet_02_025,USF2,2.2293877040169594,-1.99826,-1.99826,111,CRISPRi,-,-2 <= m < -1,True,False,0.8681462140992167,0.8877284595300261
DataSet_02_026,USF1,0.7380326784701146,-1.84996,-1.84996,220,CRISPRi,-,-2 <= m < -1,True,False,0.7702349869451697,0.8120104438642297
DataSet_02_027,ZNF384,0.8674555562708831,-0.62357,-0.62357,25,CRISPRi,-,-1 <= m < -0.5,False,True,0.7989556135770235,0.7989556135770235
DataSet_02_028,GATA2,-1.3825450024729746,-0.38768,-0.38768,96,CRISPRi,-,-0.5 <= m < 0,False,True,0.1174934725848564,0.12663185378590078
DataSet_02_029,KLF2,-1.9395869712201386,-0.60176,-0.60176,65,CRISPRi,-,-1 <= m < -0.5,False,True,0.16579634464751958,0.185378590078329
DataSet_02_030,MEIS2,-1.8240316586096277,-0.73146,-0.73146,9,CRISPRi,-,-1 <= m < -0.5,False,False,0.09921671018276762,0.09921671018276762
DataSet_02_032,NFE2L1,-2.4056738458355555,-1.56069,-1.56069,8,CRISPRi,-,-2 <= m < -1,True,False,0.014360313315926894,0.030026109660574413
DataSet_02_033,TEAD2,0.5756471804967362,-2.60937,-2.60937,6,CRISPRi,-,m < -2,True,False,0.8002610966057441,0.8002610966057441
DataSet_02_034,ERF,-3.112328562683087,-0.8763,-0.8763,18,CRISPRi,-,-1 <= m < -0.5,False,True,0.0391644908616188,0.048302872062663184
DataSet_02_036,HINFP,-1.0954728643302611,0.0,0.0,9,CRISPRi,-,m >= 0,False,True,0.09138381201044386,0.09138381201044386
DataSet_02_037,FOXM1,-0.17219853449737765,-0.11168,-0.11168,96,CRISPRi,-,-0.5 <= m < 0,False,True,0.5691906005221932,0.5744125326370757
DataSet_02_039,RELA,-7.181465741681122,-1.39551,-1.39551,539,CRISPRi,-,-2 <= m < -1,True,True,0.0013054830287206266,0.0013054830287206266
DataSet_02_040,TEAD4,0.2917536355752552,-1.5798,-1.5798,11,CRISPRi,-,-2 <= m < -1,True,True,0.741514360313316,0.741514360313316
DataSet_02_041,CTBP1,0.4076285896386006,-0.36928,-0.36928,10,CRISPRi,-,-0.5 <= m < 0,False,False,0.6018276762402088,0.6018276762402088
DataSet_02_042,SP2,-0.25367335496399446,-2.02074,-2.02074,22,CRISPRi,-,m < -2,True,False,0.5600522193211488,0.5600522193211488
DataSet_02_047,SMARCA4,-0.7941074014348459,-0.29238,-0.29238,10,CRISPRi,-,-0.5 <= m < 0,False,True,0.391644908616188,0.39033942558746737
DataSet_02_048,SMAD5,-5.65424591778619,-1.81161,-1.81161,35,CRISPRi,-,-2 <= m < -1,True,True,0.006527415143603133,0.006527415143603133
DataSet_02_050,ARID3A,0.08349683527459992,0.0,0.0,7,CRISPRi,-,m >= 0,False,True,0.5130548302872062,0.5130548302872062
DataSet_02_054,ATF3,-0.8728372678538171,-1.86056,-1.86056,107,CRISPRi,-,-2 <= m < -1,True,True,0.46866840731070497,0.38642297650130547
DataSet_02_055,DLX1,0.5239969148020331,-1.25001,-1.25001,10,CRISPRi,-,-2 <= m < -1,True,False,0.6971279373368147,0.6971279373368147
DataSet_02_056,UBTF,-0.3826032553249252,-0.27679,-0.27679,9,CRISPRi,-,-0.5 <= m < 0,False,True,0.42428198433420367,0.42428198433420367
DataSet_02_057,STAT6,0.024962220640628238,-0.87112,-0.87112,123,CRISPRi,-,-1 <= m < -0.5,False,True,0.5926892950391645,0.6344647519582245
DataSet_02_059,ZNF143,0.11101241941589404,-0.28868,-0.28868,28,CRISPRi,-,-0.5 <= m < 0,False,False,0.4360313315926893,0.4360313315926893
DataSet_02_060,GATA1,0.10290393600070102,-0.9943,-0.9943,140,CRISPRi,-,-1 <= m < -0.5,False,False,0.43994778067885115,0.4608355091383812
DataSet_02_061,RFX5,-0.0071447295316212365,-1.58857,-1.58857,23,CRISPRi,-,-2 <= m < -1,True,False,0.5195822454308094,0.6631853785900783
DataSet_02_062,NRF1,-0.03897107628805938,-0.42397,-0.42397,87,CRISPRi,-,-0.5 <= m < 0,False,False,0.6449086161879896,0.6631853785900783
DataSet_02_063,TRIM28,-0.19182718218978193,-1.46428,-1.46428,6,CRISPRi,-,-2 <= m < -1,True,False,0.5731070496083551,0.5704960835509139
DataSet_02_064,HOXB4,-1.3651590125410626,0.0,0.0,10,CRISPRi,-,m >= 0,False,False,0.2819843342036554,0.2819843342036554
DataSet_02_065,NONO,0.08306375688603464,0.0,0.0,20,CRISPRi,-,m >= 0,False,True,0.6775456919060052,0.6775456919060052
DataSet_02_067,SP1,-4.672153836354793,-0.2263,-0.2263,1259,CRISPRi,-,-0.5 <= m < 0,False,True,0.0039164490861618795,0.0039164490861618795
DataSet_02_069,ZNF395,-0.18895981795507702,-0.35227,-0.35227,7,CRISPRi,-,-0.5 <= m < 0,False,False,0.46866840731070497,0.46866840731070497
DataSet_02_071,TFDP1,0.9221272835578779,-2.45296,-2.45296,31,CRISPRi,-,m < -2,True,False,0.8929503916449086,0.8929503916449086
DataSet_02_072,STAT5A,1.6562834691511408,-0.68941,-0.68941,211,CRISPRi,-,-1 <= m < -0.5,False,True,0.8955613577023499,0.9046997389033943
DataSet_02_073,HSF1,-1.2294640041679417,-0.5654,-0.5654,97,CRISPRi,-,-1 <= m < -0.5,False,True,0.25326370757180156,0.28720626631853785
DataSet_02_075,HMGA1,1.5048949576189434,-1.97429,-1.97429,72,CRISPRi,-,-2 <= m < -1,True,True,0.7493472584856397,0.8263707571801566
DataSet_02_076,NFYA,-2.6063348490469607,0.0,0.0,92,CRISPRi,-,m >= 0,False,True,0.018276762402088774,0.018276762402088774
DataSet_02_077,NR2C2,-1.5479579276579225,-0.2724,-0.2724,58,CRISPRi,-,-0.5 <= m < 0,False,False,0.2885117493472585,0.2989556135770235
DataSet_02_082,ZBTB33,-0.487711006681252,-1.43836,-1.43836,11,CRISPRi,-,-2 <= m < -1,True,False,0.21801566579634465,0.21801566579634465
DataSet_02_084,NR4A1,2.098889918237752,-0.95483,-0.95483,106,CRISPRi,-,-1 <= m < -0.5,False,True,0.9164490861618799,0.9164490861618799
DataSet_02_085,MITF,-3.289446661457587,-0.6983,-0.6983,108,CRISPRi,-,-1 <= m < -0.5,False,True,0.0731070496083551,0.07702349869451697
DataSet_02_093,NONO,1.6151469993750158,0.0,0.0,20,shRNA,-,m >= 0,False,True,0.7258485639686684,0.7258485639686684
DataSet_02_098,YBX3,-1.9390694698251394,0.0,0.0,26,shRNA,-,m >= 0,False,True,0.08093994778067885,0.08093994778067885
DataSet_02_104,HDGF,-0.4726427832944618,-3.16823,-3.16823,7,shRNA,-,m < -2,True,False,0.3133159268929504,0.3133159268929504
DataSet_02_112,BCLAF1,-1.5358094114550838,-0.91208,-0.91208,7,shRNA,-,-1 <= m < -0.5,False,True,0.0783289817232376,0.13838120104438642
DataSet_02_118,CEBPZ,0.43215695698980255,-0.56864,-0.56864,18,shRNA,-,-1 <= m < -0.5,False,True,0.7676240208877284,0.7676240208877284
DataSet_02_122,EWSR1,1.3314726719814258,-0.78835,-0.78835,57,shRNA,-,-1 <= m < -0.5,False,True,0.6892950391644909,0.7310704960835509
DataSet_02_142,BCLAF1,-1.0648945926091664,-0.57968,-0.57968,7,shRNA,-,-1 <= m < -0.5,False,True,0.06788511749347259,0.11096605744125326
DataSet_02_149,NONO,-1.0698301929757112,0.0,0.0,20,shRNA,-,m >= 0,False,True,0.12402088772845953,0.12402088772845953
DataSet_02_153,YBX3,-1.8767823143982663,0.0,0.0,26,shRNA,-,m >= 0,False,True,0.0835509138381201,0.0835509138381201
DataSet_02_167,EWSR1,2.964848846196074,-0.96275,-0.96275,57,shRNA,-,-1 <= m < -0.5,False,True,0.9503916449086162,0.9686684073107049
DataSet_02_172,ZFX,1.0339692227004411,-1.76132,-1.76132,5,siRNA,-,-2 <= m < -1,True,True,0.7180156657963447,0.7180156657963447
DataSet_02_173,MXI1,-0.36922547215234375,-0.76799,-0.76799,7,siRNA,-,-1 <= m < -0.5,False,False,0.20757180156657964,0.34464751958224543
DataSet_02_174,NFE2L2,-3.7059769888248857,-0.55981,-0.55981,195,siRNA,-,-1 <= m < -0.5,False,True,0.010443864229765013,0.013054830287206266
DataSet_02_176,CEBPZ,-0.466221323748019,-0.63195,-0.63195,18,siRNA,-,-1 <= m < -0.5,False,True,0.45300261096605743,0.45300261096605743
DataSet_02_179,VEZF1,0.15398940996318528,0.0,0.0,8,siRNA,-,m >= 0,False,False,0.7284595300261096,0.7284595300261096
DataSet_02_180,ATF3,0.2353630746480474,-0.33537,-0.33537,107,siRNA,-,-0.5 <= m < 0,False,True,0.6462140992167101,0.6305483028720626
DataSet_02_182,STAT5A,-0.08397430894867833,-0.91881,-0.91881,211,siRNA,-,-1 <= m < -0.5,False,True,0.4960835509138381,0.5365535248041775
DataSet_02_183,MAFK,1.6663692462378763,-0.40503,-0.40503,22,siRNA,-,-0.5 <= m < 0,False,False,0.9007832898172323,0.9007832898172323
DataSet_02_184,KAT2B,0.05642209030022019,-0.49869,-0.49869,15,siRNA,-,-0.5 <= m < 0,False,False,0.6122715404699739,0.6096605744125326
DataSet_02_185,CTCF,1.9965361815559555,-1.26009,-1.26009,136,siRNA,-,-2 <= m < -1,True,True,0.8720626631853786,0.8942558746736292
DataSet_02_186,BHLHE40,-0.045298022593366224,-0.12051,-0.12051,39,siRNA,-,-0.5 <= m < 0,False,False,0.44386422976501305,0.4255874673629243
DataSet_02_188,BACH1,1.3420510326646131,0.0,0.0,15,siRNA,-,m >= 0,False,True,0.8825065274151436,0.8825065274151436
DataSet_02_189,MAFG,0.5374904076966678,-0.59955,-0.59955,8,siRNA,-,-1 <= m < -0.5,False,False,0.6318537859007833,0.7336814621409922
DataSet_02_192,MAX,-0.49011805594905694,-1.07684,-1.07684,48,siRNA,-,-2 <= m < -1,True,True,0.2989556135770235,0.3877284595300261
DataSet_02_193,ARID3A,-0.19505538993216132,0.0,0.0,7,siRNA,-,m >= 0,False,True,0.5509138381201044,0.5509138381201044
DataSet_02_198,UBTF,-1.2465785163756753,-0.55531,-0.55531,9,siRNA,-,-1 <= m < -0.5,False,True,0.12140992167101827,0.12140992167101827
DataSet_02_199,MAZ,2.1803692659823293,-0.87247,-0.87247,47,siRNA,-,-1 <= m < -0.5,False,False,0.9295039164490861,0.943864229765013
DataSet_02_200,E2F4,1.09242697702162,-0.77106,-0.77106,157,siRNA,-,-1 <= m < -0.5,False,False,0.8955613577023499,0.8955613577023499
DataSet_02_201,TAL1,-0.3901670707160509,-0.32579,-0.32579,93,siRNA,-,-0.5 <= m < 0,False,True,0.46736292428198434,0.48433420365535246
DataSet_02_202,BRCA1,1.0607121832441284,-0.39409,-0.39409,60,siRNA,-,-0.5 <= m < 0,False,True,0.8328981723237598,0.8172323759791122
DataSet_02_203,ZNF384,2.0962433414369017,-0.4282,-0.4282,25,siRNA,-,-0.5 <= m < 0,False,True,0.9595300261096605,0.9595300261096605
DataSet_02_205,E2F6,1.7651078004970788,-0.63179,-0.63179,40,siRNA,-,-1 <= m < -0.5,False,False,0.9308093994778068,0.9308093994778068
DataSet_02_206,ZFX,0.21900931659427111,-2.40204,-2.40204,5,siRNA,-,m < -2,True,True,0.4308093994778068,0.4308093994778068
DataSet_03_001,ABL1,0.5137862807527026,-0.572925,-0.572925,10,siRNA,GPL570,-1 <= m < -0.5,False,False,0.7702349869451697,0.7689295039164491
DataSet_03_004,AR,2.024777931506877,-1.84288,-1.84288,492,siRNA,GPL570,-2 <= m < -1,True,True,0.9373368146214099,0.9503916449086162
DataSet_03_005,AR,1.169663202794823,-1.765544,-1.765544,492,siRNA,GPL570,-2 <= m < -1,True,True,0.7767624020887729,0.8185378590078329
DataSet_03_006,AR,2.188023032717651,-0.616825,-0.616825,492,siRNA,GPL15207,-1 <= m < -0.5,False,True,0.9007832898172323,0.912532637075718
DataSet_03_007,AR,-0.27742874078760976,-2.045341,-2.045341,492,siRNA,GPL570,m < -2,True,True,0.26240208877284593,0.36945169712793735
DataSet_03_008,AR,-1.5818642311439397,-0.3717222,-0.3717222,492,siRNA,GPL10558,-0.5 <= m < 0,False,True,0.06266318537859007,0.0731070496083551
DataSet_03_009,AR,-4.749649691493078,-0.2238888,-0.2238888,492,siRNA,GPL10558,-0.5 <= m < 0,False,True,0.0039164490861618795,0.0039164490861618795
DataSet_03_010,AR,1.3015727441312277,-0.7184447,-0.7184447,492,siRNA,GPL10558,-1 <= m < -0.5,False,True,0.7232375979112271,0.779373368146214
DataSet_03_011,AR,15.421688613674553,0.0,0.0,492,siRNA,GPL19874,m >= 0,False,True,1.0,1.0
DataSet_03_013,ARID1A,0.4059381830552922,-1.27036,-1.27036,8,siRNA,GPL16686,-2 <= m < -1,True,True,0.5052219321148825,0.5052219321148825
DataSet_03_014,ARID1A,-0.9688690665749968,-0.3813363,-0.3813363,8,siRNA,GPL16699,-0.5 <= m < 0,False,True,0.293733681462141,0.293733681462141
DataSet_03_016,ASCL1,0.6307550164245184,-0.7814057,-0.7814057,68,siRNA,GPL570,-1 <= m < -0.5,False,False,0.6422976501305483,0.6788511749347258
DataSet_03_017,ATF3,0.4918012164208185,-1.260501,-1.260501,107,knockout,GPL10558,-2 <= m < -1,True,True,0.8159268929503917,0.6109660574412533
DataSet_03_018,ATF4,-6.571261561672558,-2.426447,-2.426447,120,siRNA,GPL570,m < -2,True,False,0.006527415143603133,0.009138381201044387
DataSet_03_024,BCL6,-0.41616239387538523,-0.6081177,-0.6081177,98,siRNA,GPL570,-1 <= m < -0.5,False,True,0.283289817232376,0.22193211488250653
DataSet_03_025,BCL6,-1.0668415560284183,-0.3602478,-0.3602478,98,siRNA,GPL570,-0.5 <= m < 0,False,True,0.23237597911227154,0.20496083550913838
DataSet_03_026,BCL6,-4.024371837712819,-1.080475,-1.080475,98,siRNA,GPL570,-2 <= m < -1,True,True,0.0026109660574412533,0.0013054830287206266
DataSet_03_027,BCL6,-1.6784115330525287,-0.4753435,-0.4753435,98,siRNA,GPL10558,-0.5 <= m < 0,False,True,0.2754569190600522,0.23237597911227154
DataSet_03_028,BRCA1,-0.9045487737118548,-0.7290177,-0.7290177,60,siRNA,GPL570,-1 <= m < -0.5,False,True,0.4046997389033943,0.25326370757180156
DataSet_03_047,CEBPA,-2.4088663848656418,-0.4981593,-0.4981593,227,siRNA,GPL570,-0.5 <= m < 0,False,False,0.04308093994778068,0.05483028720626632
DataSet_03_048,CEBPB,-2.105186942185293,-0.1236617,-0.1236617,443,siRNA,GPL570,-0.5 <= m < 0,False,True,0.0587467362924282,0.06135770234986945
DataSet_03_049,CEBPB,-6.76365896107333,-2.360576,-2.360576,443,siRNA,GPL571,m < -2,True,True,0.0013054830287206266,0.0013054830287206266
DataSet_03_050,CEBPD,-0.19080646421381536,-0.4348297,-0.4348297,93,siRNA,GPL570,-0.5 <= m < 0,False,True,0.5861618798955613,0.49216710182767626
DataSet_03_055,CREBBP,-0.7972886192145846,-0.3238227,-0.3238227,36,siRNA,GPL570,-0.5 <= m < 0,False,False,0.5156657963446475,0.5104438642297651
DataSet_03_056,CTCF,-1.6824519315400979,-2.009543,-2.009543,136,siRNA,GPL16686,m < -2,True,True,0.013054830287206266,0.08746736292428199
DataSet_03_057,CTCF,-0.7366724021998038,-0.093535,-0.093535,136,shRNA,GPL17586,-0.5 <= m < 0,False,True,0.26370757180156656,0.27284595300261094
DataSet_03_058,CTNNB1,-1.7300959548063781,-0.1649253,-0.1649253,330,siRNA,GPL570,-0.5 <= m < 0,False,True,0.12402088772845953,0.12140992167101827
DataSet_03_059,CTNNB1,1.154526962822317,-3.872987,-3.872987,330,siRNA,GPL19874,m < -2,True,True,0.9516971279373369,0.7976501305483029
DataSet_03_060,E2F1,-2.637315061740159,-1.801817,-1.801817,305,siRNA,GPL10379,-2 <= m < -1,True,True,0.010443864229765013,0.009138381201044387
DataSet_03_061,E2F1,-0.060023311627727845,-0.4975563,-0.4975563,305,siRNA,GPL570,-0.5 <= m < 0,False,True,0.4765013054830287,0.5326370757180157
DataSet_03_062,E2F5,-1.2617698663167438,-0.5261093,-0.5261093,12,siRNA,GPL570,-1 <= m < -0.5,False,False,0.195822454308094,0.195822454308094
DataSet_03_063,E2F7,1.3874608597615692,-1.445059,-1.445059,7,siRNA,GPL10558,-2 <= m < -1,True,False,0.7506527415143603,0.7506527415143603
DataSet_03_064,EBF1,-1.159794396153703,-0.9739408,-0.9739408,33,siRNA,GPL11532,-1 <= m < -0.5,False,False,0.009138381201044387,0.10704960835509138
DataSet_03_065,EP300,-0.3703829570171303,-1.72724,-1.72724,73,siRNA,GPL19874,-2 <= m < -1,True,True,0.5365535248041775,0.5313315926892951
DataSet_03_067,ERF,-0.8959512650150013,-0.6383057,-0.6383057,18,siRNA,GPL570,-1 <= m < -0.5,False,True,0.10966057441253264,0.30548302872062666
DataSet_03_068,ESR1,-4.9087489414213294,-0.2699822,-0.2699822,599,siRNA,GPL570,-0.5 <= m < 0,False,True,0.006527415143603133,0.009138381201044387
DataSet_03_069,ESR1,-4.10012149470251,-0.129601,-0.129601,599,siRNA,GPL571,-0.5 <= m < 0,False,True,0.014360313315926894,0.014360313315926894
DataSet_03_070,ESR1,-1.9382799908318376,-0.044205,-0.044205,599,siRNA,GPL6244,-0.5 <= m < 0,False,True,0.0926892950391645,0.0926892950391645
DataSet_03_071,ESR1,-3.4467085661194705,-0.2253937,-0.2253937,599,siRNA,GPL10558,-0.5 <= m < 0,False,True,0.031331592689295036,0.031331592689295036
DataSet_03_072,ESRRA,-0.1767613149358051,-0.3153857,-0.3153857,48,siRNA,GPL570,-0.5 <= m < 0,False,True,0.42689295039164493,0.5261096605744126
DataSet_03_073,ETS1,-3.5345560518738277,-1.201786,-1.201786,205,siRNA,GPL17586,-2 <= m < -1,True,True,0.02741514360313316,0.04177545691906005
DataSet_03_074,ETS1,-3.4310153463567237,-1.195833,-1.195833,205,siRNA,GPL17586,-2 <= m < -1,True,True,0.033942558746736295,0.05483028720626632
DataSet_03_075,ETV6,1.6833718090917917,-2.238372,-2.238372,27,siRNA,GPL570,m < -2,True,True,0.8590078328981723,0.860313315926893
DataSet_03_076,FHL2,-2.0468957718190874,-0.6177439,-0.6177439,7,siRNA,GPL19874,-1 <= m < -0.5,False,False,0.30809399477806787,0.30809399477806787
DataSet_03_078,FLI1,5.617660100682183,-1.915758,-1.915758,92,siRNA,GPL26944,-2 <= m < -1,True,True,0.9817232375979112,0.9882506527415144
DataSet_03_079,FOS,1.3381344540437092,-0.52856,-0.52856,329,siRNA,GPL570,-1 <= m < -0.5,False,True,0.8785900783289817,0.8420365535248042
DataSet_03_080,FOXA1,-3.3432463811622237,-1.392308,-1.392308,69,siRNA,GPL10558,-2 <= m < -1,True,True,0.020887728459530026,0.020887728459530026
DataSet_03_081,FOXA1,-5.640001394055936,-0.8814193,-0.8814193,69,siRNA,GPL10558,-1 <= m < -0.5,False,True,0.01174934725848564,0.01174934725848564
DataSet_03_082,FOXA1,-5.640001394055936,-0.8814193,-0.8814193,69,siRNA,GPL10558,-1 <= m < -0.5,False,True,0.01174934725848564,0.01174934725848564
DataSet_03_083,FOXA1,-2.096479069613047,-0.7233214,-0.7233214,69,siRNA,GPL6102,-1 <= m < -0.5,False,True,0.050913838120104436,0.05221932114882506
DataSet_03_084,FOXC1,-0.13171474113212056,-0.8553087,-0.8553087,17,siRNA,GPL570,-1 <= m < -0.5,False,False,0.5548302872062664,0.5574412532637075
DataSet_03_085,FOXD1,-0.2693189809292633,-2.771563,-2.771563,6,siRNA,GPL10558,m < -2,True,False,0.31723237597911225,0.31462140992167104
DataSet_03_086,FOXF2,1.7434923720615796,-0.7526747,-0.7526747,12,siRNA,GPL18387,-1 <= m < -0.5,False,True,0.9086161879895561,0.9099216710182768
DataSet_03_087,FOXF2,1.823489254808329,-1.079575,-1.079575,12,siRNA,GPL18387,-2 <= m < -1,True,True,0.9242819843342036,0.9242819843342036
DataSet_03_090,FOXM1,-5.88899982190655,-3.169468,-3.169468,96,siRNA,GPL570,m < -2,True,True,0.009138381201044387,0.01174934725848564
DataSet_03_091,FOXM1,-0.8134830168045403,-2.553802,-2.553802,96,siRNA,GPL96,m < -2,True,True,0.04960835509138381,0.20365535248041775
DataSet_03_092,FOXM1,0.8315865474460588,-0.1170544,-0.1170544,96,siRNA,GPL10558,-0.5 <= m < 0,False,True,0.5496083550913838,0.6109660574412533
DataSet_03_093,FOXM1,-1.21204779175729,-1.980335,-1.980335,96,siRNA,GPL5175,-2 <= m < -1,True,True,0.020887728459530026,0.21018276762402088
DataSet_03_094,FOXO1,-0.6330255066008208,-0.3286175,-0.3286175,264,shRNA,GPL6244,-0.5 <= m < 0,False,True,0.38642297650130547,0.42297650130548303
DataSet_03_095,FOXO1,1.1961835034246073,-0.1014295,-0.1014295,264,shRNA,GPL6244,-0.5 <= m < 0,False,True,0.6370757180156658,0.6449086161879896
DataSet_03_096,FOXO1,-1.585037277800653,-3.68757,-3.68757,264,siRNA,GPL16699,m < -2,True,True,0.08877284595300261,0.1227154046997389
DataSet_03_099,FOXP1,0.6210694053518877,-0.422436,-0.422436,32,siRNA,GPL570,-0.5 <= m < 0,False,True,0.5848563968668408,0.7467362924281984
DataSet_03_100,GATA2,-1.9220030426329309,-1.408143,-1.408143,96,siRNA,GPL570,-2 <= m < -1,True,True,0.05483028720626632,0.08485639686684072
DataSet_03_101,GATA2,2.073934393506506,-0.8610377,-0.8610377,96,siRNA,GPL17585,-1 <= m < -0.5,False,True,0.7454308093994778,0.7845953002610966
DataSet_03_102,GATA3,0.015477924980569213,-0.4223427,-0.4223427,181,siRNA,GPL570,-0.5 <= m < 0,False,True,0.46475195822454307,0.5156657963446475
DataSet_03_103,GATA3,0.576815927570631,-0.2760869,-0.2760869,181,siRNA,GPL10558,-0.5 <= m < 0,False,True,0.6736292428198434,0.6892950391644909
DataSet_03_104,GATA4,-2.258787811143258,-0.4232333,-0.4232333,136,siRNA,GPL10558,-0.5 <= m < 0,False,True,0.03524804177545692,0.07702349869451697
DataSet_03_105,GATA4,-0.5822051848128755,0.1391811,0.1391811,136,siRNA,GPL570,m >= 0,False,True,0.2206266318537859,0.2154046997389034
DataSet_03_106,GATA4,-2.3741419911499304,-0.09400658,-0.09400658,136,siRNA,GPL570,-0.5 <= m < 0,False,True,0.016971279373368148,0.0195822454308094
DataSet_03_107,GATA4,-0.4223022019885418,-0.5560015,-0.5560015,136,siRNA,GPL570,-1 <= m < -0.5,False,True,0.2989556135770235,0.32506527415143605
DataSet_03_108,GATA6,-0.2614002869756946,-1.123892,-1.123892,83,siRNA,GPL570,-2 <= m < -1,True,True,0.2689295039164491,0.3289817232375979
DataSet_03_109,GATA6,1.1402540510461168,-0.8342581,-0.8342581,83,siRNA,GPL570,-1 <= m < -0.5,False,True,0.7702349869451697,0.8198433420365535
DataSet_03_110,GATA6,-2.4488263865606097,-1.090599,-1.090599,83,siRNA,GPL570,-2 <= m < -1,True,True,0.006527415143603133,0.013054830287206266
DataSet_03_113,GRHL3,-0.8467978413014005,-1.841626,-1.841626,28,siRNA,GPL6244,-2 <= m < -1,True,True,0.195822454308094,0.19451697127937337
DataSet_03_114,HDAC3,1.0770751838221555,-1.015974,-1.015974,27,siRNA,GPL570,-2 <= m < -1,True,False,0.7741514360313316,0.7741514360313316
DataSet_03_115,HDAC5,-0.9028157986668818,-0.1492163,-0.1492163,9,siRNA,GPL570,-0.5 <= m < 0,False,False,0.304177545691906,0.304177545691906
DataSet_03_116,HES6,-0.5667560909876138,-1.285988,-1.285988,9,siRNA,GPL6947,-2 <= m < -1,True,True,0.37467362924281983,0.36945169712793735
DataSet_03_117,HES6,-0.554578147935671,-1.006761,-1.006761,9,siRNA,GPL6947,-2 <= m < -1,True,True,0.22845953002610966,0.2258485639686684
DataSet_03_118,HIC1,0.3188359742623344,-0.156872,-0.156872,20,CRISPR,GPL21185,-0.5 <= m < 0,False,True,0.6253263707571801,0.643603133159269
DataSet_03_119,HIF1A,-1.3880988759239803,-1.099027,-1.099027,446,siRNA,GPL570,-2 <= m < -1,True,True,0.18407310704960836,0.11879895561357702
DataSet_03_120,HIF3A,0.14039884205068923,-0.285,-0.285,6,siRNA,GPL19109,-0.5 <= m < 0,False,True,0.4804177545691906,0.4804177545691906
DataSet_03_121,HIF3A,0.14039884205068923,-0.285,-0.285,6,siRNA,GPL19109,-0.5 <= m < 0,False,True,0.4804177545691906,0.4804177545691906
DataSet_03_122,HINFP,0.5911586412235365,-1.047697,-1.047697,9,siRNA,GPL20234,-2 <= m < -1,True,True,0.27284595300261094,0.7467362924281984
DataSet_03_123,HINFP,1.2485032818510873,-1.642653,-1.642653,9,siRNA,GPL20234,-2 <= m < -1,True,True,0.13185378590078328,0.6579634464751958
DataSet_03_124,HMGA1,-1.9514754151667206,-1.659763,-1.659763,72,siRNA,GPL570,-2 <= m < -1,True,True,0.031331592689295036,0.06657963446475196
DataSet_03_125,HMGA2,-2.3129177328975747,-0.26651,-0.26651,42,siRNA,GPL6884,-0.5 <= m < 0,False,False,0.10966057441253264,0.12532637075718014
DataSet_03_127,HOXB7,-0.037371968447450776,-1.154571,-1.154571,23,siRNA,GPL570,-2 <= m < -1,True,True,0.4621409921671018,0.4608355091383812
DataSet_03_129,HSF1,-5.584817094482222,-1.158558,-1.158558,97,siRNA,GPL6244,-2 <= m < -1,True,True,0.0039164490861618795,0.009138381201044387
DataSet_03_130,HSF2,-0.8684549897637023,-0.3711207,-0.3711207,24,siRNA,GPL570,-0.5 <= m < 0,False,True,0.26240208877284593,0.3785900783289817
DataSet_03_132,HTATIP2,1.2809975240765783,1.186701,1.186701,15,siRNA,GPL19874,m >= 0,False,False,0.6031331592689295,0.42950391644908614
DataSet_03_133,ID1,2.572899596440592,-0.7555343,-0.7555343,76,siRNA,GPL570,-1 <= m < -0.5,False,True,0.9242819843342036,0.9699738903394256
DataSet_03_134,IRF4,4.117418169326395,-0.3101675,-0.3101675,58,siRNA,GPL570,-0.5 <= m < 0,False,True,0.9712793733681462,0.9712793733681462
DataSet_03_137,JARID2,-0.0179845290112581,0.0,0.0,16,siRNA,GPL13667,m >= 0,False,False,0.5300261096605744,0.5300261096605744
DataSet_03_140,JUN,-1.3171564225196224,-0.3678571,-0.3678571,636,siRNA,GPL17586,-0.5 <= m < 0,False,True,0.20757180156657964,0.21018276762402088
DataSet_03_141,JUN,-0.9248871031832528,-0.3678571,-0.3678571,636,siRNA,GPL17586,-0.5 <= m < 0,False,True,0.2650130548302872,0.2793733681462141
DataSet_03_142,JUN,-2.5564430038798287,-0.133376,-0.133376,636,siRNA,GPL570,-0.5 <= m < 0,False,True,0.03524804177545692,0.0391644908616188
DataSet_03_143,JUN,-3.329451736413656,-1.909138,-1.909138,636,siRNA,GPL10558,-2 <= m < -1,True,True,0.013054830287206266,0.013054830287206266
DataSet_03_144,JUND,4.235932387353586,-0.843076,-0.843076,103,siRNA,GPL570,-1 <= m < -0.5,False,True,0.9725848563968669,0.9921671018276762
DataSet_03_145,JUND,-2.860013175776732,-0.3783467,-0.3783467,103,siRNA,GPL570,-0.5 <= m < 0,False,True,0.02349869451697128,0.030026109660574413
DataSet_03_148,KLF5,-4.085888204501557,-1.296036,-1.296036,75,siRNA,GPL4133,-2 <= m < -1,True,True,0.0026109660574412533,0.01174934725848564
DataSet_03_149,KLF5,-1.905366934996676,-1.755019,-1.755019,75,siRNA,GPL570,-2 <= m < -1,True,True,0.03524804177545692,0.06135770234986945
DataSet_03_150,KLF5,0.8321291315564846,-1.362161,-1.362161,75,siRNA,GPL570,-2 <= m < -1,True,True,0.5574412532637075,0.6449086161879896
DataSet_03_151,KLF5,-0.40931015103616253,-1.889237,-1.889237,75,siRNA,GPL570,-2 <= m < -1,True,True,0.2193211488250653,0.34203655352480417
DataSet_03_154,MAF,-1.444768795643194,-0.4095168,-0.4095168,61,siRNA,GPL570,-0.5 <= m < 0,False,True,0.07571801566579635,0.12532637075718014
DataSet_03_155,MAFB,-2.110551114281476,-2.11,-2.11,45,siRNA,GPL13497,m < -2,True,False,0.06788511749347259,0.1618798955613577
DataSet_03_158,MAX,0.27259360609648076,-0.7435967,-0.7435967,48,siRNA,GPL570,-1 <= m < -0.5,False,True,0.41906005221932113,0.6227154046997389
DataSet_03_159,MBD2,-0.7663693156298096,-0.557146,-0.557146,86,siRNA,GPL6244,-1 <= m < -0.5,False,False,0.11096605744125326,0.1906005221932115
DataSet_03_162,MEF2D,1.7874902046564274,-0.290221,-0.290221,28,shRNA,GPL6480,-0.5 <= m < 0,False,True,0.793733681462141,0.8107049608355091
DataSet_03_163,MEF2D,5.84011971457578,-0.257575,-0.257575,28,siRNA,GPL6480,-0.5 <= m < 0,False,True,0.9986945169712794,0.9986945169712794
DataSet_03_165,MITF,-5.583522206648642,-1.083814,-1.083814,108,siRNA,GPL10558,-2 <= m < -1,True,True,0.009138381201044387,0.009138381201044387
DataSet_03_166,MITF,-4.757835824016501,-0.3236058,-0.3236058,108,siRNA,GPL10558,-0.5 <= m < 0,False,True,0.014360313315926894,0.014360313315926894
DataSet_03_167,MITF,-6.836038926640371,-0.823363,-0.823363,108,siRNA,GPL10558,-1 <= m < -0.5,False,True,0.009138381201044387,0.009138381201044387
DataSet_03_168,MITF,-2.598150187600829,-1.354155,-1.354155,108,siRNA,GPL16043,-2 <= m < -1,True,True,0.05613577023498695,0.07571801566579635
DataSet_03_169,MTA2,1.3478437310093438,0.03567358,0.03567358,5,siRNA,GPL18943,m >= 0,False,False,0.7663185378590078,0.7571801566579635
DataSet_03_170,MYB,-0.004923364352337035,-0.9445076,-0.9445076,176,siRNA,GPL96,-1 <= m < -0.5,False,True,0.27023498694516973,0.2885117493472585
DataSet_03_171,MYB,0.7158940101297151,-0.6296667,-0.6296667,176,siRNA,GPL10558,-1 <= m < -0.5,False,True,0.47389033942558745,0.5731070496083551
DataSet_03_172,MYB,-2.1048494144968193,-0.6683333,-0.6683333,176,siRNA,GPL10558,-1 <= m < -0.5,False,True,0.030026109660574413,0.05221932114882506
DataSet_03_173,MYB,-2.0913382453229077,-2.037667,-2.037667,176,siRNA,GPL10558,m < -2,True,True,0.05221932114882506,0.08746736292428199
DataSet_03_174,MYB,-0.28514700354188605,-0.504,-0.504,176,siRNA,GPL10558,-1 <= m < -0.5,False,True,0.4281984334203655,0.4804177545691906
DataSet_03_175,MYB,-9.977261872373868,0.0,0.0,176,siRNA,GPL13667,m >= 0,False,True,0.024804177545691905,0.024804177545691905
DataSet_03_176,MYBL2,0.16456850392807776,-0.6604487,-0.6604487,50,siRNA,GPL570,-1 <= m < -0.5,False,True,0.6266318537859008,0.7702349869451697
DataSet_03_177,MYC,-4.031342209081155,-0.2595187,-0.2595187,844,siRNA,GPL570,-0.5 <= m < 0,False,True,0.0013054830287206266,0.0013054830287206266
DataSet_03_178,MYC,-7.5965450846944345,-1.985984,-1.985984,844,siRNA,GPL570,-2 <= m < -1,True,True,0.0013054830287206266,0.0013054830287206266
DataSet_03_179,MYC,-8.075446796140636,-0.55,-0.55,844,siRNA,GPL96,-1 <= m < -0.5,False,True,0.0013054830287206266,0.0013054830287206266
DataSet_03_180,MYC,-10.03407086944772,-1.0,-1.0,844,siRNA,GPL96,-1 <= m < -0.5,False,True,0.0013054830287206266,0.0013054830287206266
DataSet_03_181,MYC,-4.8151997722801045,-0.95,-0.95,844,siRNA,GPL96,-1 <= m < -0.5,False,True,0.007832898172323759,0.0013054830287206266
DataSet_03_182,MYC,-2.1749260642731847,-0.093548,-0.093548,844,siRNA,GPL570,-0.5 <= m < 0,False,True,0.04177545691906005,0.04177545691906005
DataSet_03_183,MYCN,-2.404514504700346,-0.5620215,-0.5620215,136,CRISPR,GPL17077,-1 <= m < -0.5,False,True,0.04960835509138381,0.05352480417754569
DataSet_03_184,MYCN,-2.404514504700346,-0.5620215,-0.5620215,136,CRISPR,GPL17077,-1 <= m < -0.5,False,True,0.04960835509138381,0.05352480417754569
DataSet_03_185,MYCN,-3.3190442837199363,-0.773464,-0.773464,136,siRNA,GPL13158,-1 <= m < -0.5,False,True,0.018276762402088774,0.020887728459530026
DataSet_03_186,MYCN,-0.33581475193459015,-0.401916,-0.401916,136,siRNA,GPL13158,-0.5 <= m < 0,False,True,0.29112271540469975,0.34986945169712796
DataSet_03_187,MYCN,-4.013372485495302,0.0,0.0,136,siRNA,GPL16686,m >= 0,False,True,0.005221932114882507,0.005221932114882507
DataSet_03_188,MYCN,-2.5930181618534296,0.0,0.0,136,siRNA,GPL16686,m >= 0,False,True,0.016971279373368148,0.016971279373368148
DataSet_03_189,NCOA1,-10.980853684439195,-3.616286,-3.616286,89,siRNA,GPL19874,m < -2,True,False,0.005221932114882507,0.005221932114882507
DataSet_03_190,NCOA2,-7.662126904390747,-2.297202,-2.297202,60,siRNA,GPL19874,m < -2,True,False,0.005221932114882507,0.010443864229765013
DataSet_03_191,NCOA3,4.604211389256147,-1.881659,-1.881659,73,siRNA,GPL19874,-2 <= m < -1,True,False,0.660574412532637,0.8746736292428199
DataSet_03_192,NCOR1,-0.8858319861230755,-1.994582,-1.994582,87,siRNA,GPL570,-2 <= m < -1,True,False,0.015665796344647518,0.12924281984334204
DataSet_03_193,NCOR2,2.090549051482748,-0.1156823,-0.1156823,68,siRNA,GPL570,-0.5 <= m < 0,False,False,0.9151436031331592,0.9216710182767625
DataSet_03_194,NFAT5,-2.455218782183498,-0.9200657,-0.9200657,51,siRNA,GPL6883,-1 <= m < -0.5,False,True,0.03655352480417755,0.05483028720626632
DataSet_03_195,NFAT5,-0.7774140723649317,-0.3624065,-0.3624065,51,siRNA,GPL6947,-0.5 <= m < 0,False,True,0.20234986945169714,0.23759791122715404
DataSet_03_196,NFKB1,1.839576771649814,-0.717183,-0.717183,417,siRNA,GPL570,-1 <= m < -0.5,False,True,0.8590078328981723,0.9242819843342036
DataSet_03_197,NFKB1,-0.5838047316415819,-0.7290067,-0.7290067,417,siRNA,GPL570,-1 <= m < -0.5,False,True,0.3093994778067885,0.3577023498694517
DataSet_03_198,NFYB,2.512567652174925,-0.1315985,-0.1315985,40,siRNA,GPL10558,-0.5 <= m < 0,False,True,0.97911227154047,0.97911227154047
DataSet_03_202,NR2F2,-3.6231507936163627,-1.622046,-1.622046,78,siRNA,GPL570,-2 <= m < -1,True,True,0.0013054830287206266,0.006527415143603133
DataSet_03_203,NR4A3,-0.7335974184421958,-0.3285183,-0.3285183,39,siRNA,GPL13497,-0.5 <= m < 0,False,False,0.24151436031331594,0.2819843342036554
DataSet_03_205,PARK7,-0.9827604122877737,-4.931629,-4.931629,7,siRNA,GPL19874,m < -2,True,False,0.49216710182767626,0.4934725848563969
DataSet_03_206,PAX3,1.110719504832421,0.1763082,0.1763082,112,siRNA,GPL570,m >= 0,False,True,0.7023498694516971,0.6879895561357703
DataSet_03_207,PBX1,0.8297087463686479,-1.86539,-1.86539,61,siRNA,GPL10558,-2 <= m < -1,True,True,0.24151436031331594,0.7101827676240209
DataSet_03_208,PBX1,0.5821726681563334,-1.237863,-1.237863,61,siRNA,GPL10558,-2 <= m < -1,True,True,0.3720626631853786,0.6814621409921671
DataSet_03_209,PBX1,0.9571185834516647,-1.123829,-1.123829,61,siRNA,GPL10558,-2 <= m < -1,True,True,0.5691906005221932,0.8263707571801566
DataSet_03_214,PPARG,-2.5261885568311566,-1.296667,-1.296667,342,siRNA,GPL21185,-2 <= m < -1,True,False,0.02349869451697128,0.0195822454308094
DataSet_03_216,PRRX1,0.7967201420528872,0.1592089,0.1592089,6,siRNA,GPL10558,m >= 0,False,True,0.6135770234986945,0.6135770234986945
DataSet_03_217,PRRX1,0.07902299043187774,-1.515082,-1.515082,6,CRISPR,GPL570,-2 <= m < -1,True,True,0.7036553524804178,0.7036553524804178
DataSet_03_218,RARA,4.65200407257325,-0.436932,-0.436932,181,siRNA,GPL6947,-0.5 <= m < 0,False,True,0.9934725848563969,0.9960835509138382
DataSet_03_219,RB1,0.2867317996152538,-0.491721,-0.491721,32,siRNA,GPL570,-0.5 <= m < 0,False,False,0.7101827676240209,0.5744125326370757
DataSet_03_222,RELA,-6.029094580106859,-1.321429,-1.321429,539,siRNA,GPL17586,-2 <= m < -1,True,True,0.013054830287206266,0.015665796344647518
DataSet_03_223,RELA,-7.2521106205819255,-1.413095,-1.413095,539,siRNA,GPL17586,-2 <= m < -1,True,True,0.006527415143603133,0.006527415143603133
DataSet_03_224,RELA,-2.140619497462633,-0.7412863,-0.7412863,539,siRNA,GPL570,-1 <= m < -0.5,False,True,0.03655352480417755,0.044386422976501305
DataSet_03_225,RELB,-0.7502766267180627,-1.64003,-1.64003,55,siRNA,GPL6244,-2 <= m < -1,True,True,0.1370757180156658,0.22845953002610966
DataSet_03_226,RELB,0.3870832840634733,0.03642267,0.03642267,55,shRNA,GPL6244,m >= 0,False,True,0.5809399477806788,0.5718015665796344
DataSet_03_227,RELB,0.36394298763921074,-0.6780348,-0.6780348,55,siRNA,GPL10558,-1 <= m < -0.5,False,True,0.4321148825065274,0.45039164490861616
DataSet_03_228,REST,-17.451134583205658,-1.235054,-1.235054,73,siRNA,GPL6244,-2 <= m < -1,True,True,0.0013054830287206266,0.0013054830287206266
DataSet_03_229,SATB1,-4.419240359870647,-1.656688,-1.656688,44,shRNA,GPL2507,-2 <= m < -1,True,True,0.0026109660574412533,0.005221932114882507
DataSet_03_230,SATB1,7.002366458649145,-0.6245175,-0.6245175,44,siRNA,GPL6102,-1 <= m < -0.5,False,True,0.9425587467362925,0.9843342036553525
DataSet_03_231,SATB1,-0.5162221311311825,-0.4411841,-0.4411841,44,siRNA,GPL6106,-0.5 <= m < 0,False,True,0.1279373368146214,0.3002610966057441
DataSet_03_234,SMAD7,1.0633078189125862,-0.2742983,-0.2742983,64,siRNA,GPL570,-0.5 <= m < 0,False,False,0.6383812010443864,0.6866840731070496
DataSet_03_235,SMARCA4,6.187477450058753,-2.833681,-2.833681,10,siRNA,GPL19874,m < -2,True,True,0.9503916449086162,0.9503916449086162
DataSet_03_236,SMARCC1,0.5652072075847632,-2.48754,-2.48754,8,siRNA,GPL19874,m < -2,True,False,0.007832898172323759,0.6932114882506527
DataSet_03_237,SOX11,-1.0258051508901882,-2.317003,-2.317003,11,siRNA,GPL20844,m < -2,True,True,0.20496083550913838,0.20496083550913838
DataSet_03_238,SOX11,-1.220450143930787,-3.157368,-3.157368,11,siRNA,GPL20844,m < -2,True,True,0.1866840731070496,0.1866840731070496
DataSet_03_239,SOX11,-5.754404324963699,-2.349537,-2.349537,11,siRNA,GPL6244,m < -2,True,True,0.0013054830287206266,0.0013054830287206266
DataSet_03_240,SOX2,0.4509053588282208,-0.6489913,-0.6489913,87,siRNA,GPL6947,-1 <= m < -0.5,False,True,0.3563968668407311,0.4464751958224543
DataSet_03_241,SOX2,0.09219450961379012,-2.290736,-2.290736,87,siRNA,GPL6947,m < -2,True,True,0.23368146214099217,0.43733681462140994
DataSet_03_242,SOX2,-2.0061695924665144,-3.135283,-3.135283,87,siRNA,GPL6244,m < -2,True,True,0.024804177545691905,0.050913838120104436
DataSet_03_243,SOX2,-3.403401711799869,-0.6449,-0.6449,87,siRNA,GPL6244,-1 <= m < -0.5,False,True,0.016971279373368148,0.02349869451697128
DataSet_03_244,SOX2,-6.722826531904881,-3.879367,-3.879367,87,CRISPR,GPL10558,m < -2,True,True,0.006527415143603133,0.009138381201044387
DataSet_03_245,SOX2,-0.9551167683948003,-0.5578698,-0.5578698,87,siRNA,GPL13607,-1 <= m < -0.5,False,True,0.2741514360313316,0.3093994778067885
DataSet_03_246,SOX4,1.4320878979127218,-1.275064,-1.275064,21,siRNA,GPL570,-2 <= m < -1,True,True,0.8302872062663186,0.8746736292428199
DataSet_03_247,SOX4,-1.8995583433462224,-0.2811627,-0.2811627,21,siRNA,GPL10558,-0.5 <= m < 0,False,True,0.050913838120104436,0.07702349869451697
DataSet_03_248,SOX9,1.2485021767470044,-0.8678247,-0.8678247,103,knockdown,GPL15207,-1 <= m < -0.5,False,True,0.7310704960835509,0.8015665796344648
DataSet_03_249,SP1,0.8287021658916831,-1.225976,-1.225976,1259,siRNA,GPL570,-2 <= m < -1,True,True,0.737597911227154,0.7702349869451697
DataSet_03_250,SP1,4.703109967704717,-0.1027342,-0.1027342,1259,siRNA,GPL6947,-0.5 <= m < 0,False,True,0.9921671018276762,0.9921671018276762
DataSet_03_251,SP1,-1.4915044631284278,-3.774837,-3.774837,1259,siRNA,GPL4133,m < -2,True,True,0.10052219321148825,0.10966057441253264
DataSet_03_253,SPIB,-0.5062461554113151,-1.325308,-1.325308,17,siRNA,GPL10558,-2 <= m < -1,True,False,0.016971279373368148,0.35117493472584854
DataSet_03_254,SRF,1.0656192896023908,-0.7442458,-0.7442458,101,siRNA,GPL570,-1 <= m < -0.5,False,True,0.6201044386422977,0.6840731070496083
DataSet_03_255,SSRP1,0.23754709711450628,-1.9457,-1.9457,146,siRNA,GPL16686,-2 <= m < -1,True,False,0.5861618798955613,0.5835509138381201
DataSet_03_256,STAT1,-1.7809139558005171,-1.1724,-1.1724,293,siRNA,GPL570,-2 <= m < -1,True,True,0.06919060052219321,0.11488250652741515
DataSet_03_257,STAT1,-0.4751420781995475,0.0,0.0,293,knockout,GPL16686,m >= 0,False,True,0.3093994778067885,0.3093994778067885
DataSet_03_258,STAT3,-4.791605804305089,-1.738924,-1.738924,424,CRISPR,GPL13497,-2 <= m < -1,True,True,0.048302872062663184,0.04960835509138381
DataSet_03_259,STAT3,-0.07104076329275505,-1.056171,-1.056171,424,siRNA,GPL570,-2 <= m < -1,True,True,0.4451697127937337,0.5613577023498695
DataSet_03_260,STAT3,0.9104527149861217,-1.398193,-1.398193,424,siRNA,GPL570,-2 <= m < -1,True,True,0.6422976501305483,0.7349869451697127
DataSet_03_261,STAT3,-4.880494590382528,-1.941823,-1.941823,424,siRNA,GPL6947,-2 <= m < -1,True,True,0.010443864229765013,0.02741514360313316
DataSet_03_262,STAT3,7.695841925838623,-3.033125,-3.033125,424,siRNA,GPL19874,m < -2,True,True,0.9673629242819843,0.9751958224543081
DataSet_03_263,STAT5B,1.700874892832648,-0.3297457,-0.3297457,103,siRNA,GPL570,-0.5 <= m < 0,False,False,0.8929503916449086,0.9138381201044387
DataSet_03_264,STAT6,1.6041031120978217,-1.961393,-1.961393,123,siRNA,GPL570,-2 <= m < -1,True,True,0.9060052219321149,0.9321148825065274
DataSet_03_265,TBX3,-1.4372684573555041,-0.9576142,-0.9576142,23,siRNA,GPL10558,-1 <= m < -0.5,False,False,0.24151436031331594,0.10966057441253264
DataSet_03_267,TCF7L1,-1.5489577459324888,-2.212681,-2.212681,6,siRNA,GPL6244,m < -2,True,True,0.06657963446475196,0.06657963446475196
DataSet_03_269,TET1,-0.37402187689897964,-0.6836,-0.6836,15,siRNA,GPL6244,-1 <= m < -0.5,False,False,0.5835509138381201,0.5835509138381201
DataSet_03_274,TFAP2C,-1.2698772356598245,-1.867441,-1.867441,33,siRNA,GPL570,-2 <= m < -1,True,True,0.05613577023498695,0.10052219321148825
DataSet_03_275,TFE3,-1.3149857909815692,-1.444595,-1.444595,36,siRNA,GPL570,-2 <= m < -1,True,False,0.05483028720626632,0.0926892950391645
DataSet_03_277,TP53,-0.8740484097328274,-1.072749,-1.072749,930,siRNA,GPL570,-2 <= m < -1,True,True,0.283289817232376,0.29112271540469975
DataSet_03_278,TP53,3.782461174013398,0.5933867,0.5933867,930,siRNA,GPL18627,m >= 0,False,True,0.9934725848563969,0.9947780678851175
DataSet_03_279,TP53,-7.776111806432389,0.0,0.0,930,knockout,GPL10558,m >= 0,False,True,0.010443864229765013,0.010443864229765013
DataSet_03_280,TP53,-6.478326001468547,0.0,0.0,930,knockout,GPL10558,m >= 0,False,True,0.0013054830287206266,0.0013054830287206266
DataSet_03_281,TP63,-4.361165843680215,-0.371319,-0.371319,197,siRNA,GPL570,-0.5 <= m < 0,False,True,0.09138381201044386,0.0926892950391645
DataSet_03_282,TP63,-0.8378645343450042,1.47054,1.47054,197,siRNA,GPL18627,m >= 0,False,True,0.5234986945169713,0.4425587467362924
DataSet_03_283,TWIST1,-1.1128378462585742,-0.4190174,-0.4190174,75,siRNA,GPL16686,-0.5 <= m < 0,False,True,0.1370757180156658,0.1370757180156658
DataSet_03_284,TWIST2,-0.8753272189135204,-2.501369,-2.501369,33,siRNA,GPL10558,m < -2,True,False,0.013054830287206266,0.195822454308094
DataSet_03_285,WT1,0.6712480550786031,-0.2026673,-0.2026673,150,siRNA,GPL570,-0.5 <= m < 0,False,True,0.8224543080939948,0.8054830287206266
DataSet_03_287,ZHX2,-1.2165734135151292,-1.334165,-1.334165,10,shRNA,GPL16686,-2 <= m < -1,True,False,0.8133159268929504,0.31201044386422977
DataSet_03_290,ZNF263,2.0489059803231826,-0.3459046,-0.3459046,10,siRNA,GPL6884,-0.5 <= m < 0,False,False,0.7101827676240209,0.7101827676240209
DataSet_04_005,CTCF,0.13202233978812647,-0.6526849,-0.6526849,136,CRISPR,-,-1 <= m < -0.5,False,True,0.4751958224543081,0.5443864229765013
DataSet_04_007,E4F1,-0.5430884748048473,-0.324756,-0.324756,9,CRISPR,-,-0.5 <= m < 0,False,True,0.2950391644908616,0.4073107049608355
DataSet_04_013,MECP2,0.06899267784699749,-0.6693635,-0.6693635,34,CRISPR,-,-1 <= m < -0.5,False,True,0.5156657963446475,0.5156657963446475
DataSet_04_014,NFYB,-1.5470481510858358,0.4774806,0.4774806,40,CRISPRi,-,m >= 0,False,True,0.07571801566579635,0.07571801566579635
DataSet_04_015,NKRF,-0.5019774550084771,-1.789867,-1.789867,9,shRNA,-,-2 <= m < -1,True,False,0.206266318537859,0.20757180156657964
DataSet_04_019,SMAD2,2.3362641588820896,-1.081641,-1.081641,103,CRISPR,-,-2 <= m < -1,True,True,0.9543080939947781,0.9543080939947781
DataSet_04_020,SMAD4,-0.9697265391984641,-1.664538,-1.664538,136,CRISPR,-,-2 <= m < -1,True,True,0.3381201044386423,0.3368146214099217
DataSet_04_021,SMAD5,-4.552803979686064,-0.7658599,-0.7658599,35,CRISPR,-,-1 <= m < -0.5,False,True,0.0026109660574412533,0.0026109660574412533
DataSet_04_022,STAT1,0.9164125372018067,-1.722998,-1.722998,293,CRISPRi,-,-2 <= m < -1,True,True,0.814621409921671,0.8707571801566579
DataSet_04_024,YBX1,0.5934529156820113,-1.881032,-1.881032,90,CRISPR,-,-2 <= m < -1,True,True,0.37989556135770236,0.5678851174934726
DataSet_04_029,CTCF,-1.341065527485533,-0.3007541,-0.3007541,136,CRISPR,-,-0.5 <= m < 0,False,True,0.1462140992167102,0.1566579634464752
DataSet_04_030,E4F1,-0.02548381199129677,-0.2392662,-0.2392662,9,CRISPR,-,-0.5 <= m < 0,False,True,0.3563968668407311,0.4621409921671018
DataSet_04_033,MECP2,-0.06397485607864933,-0.423964,-0.423964,34,CRISPR,-,-0.5 <= m < 0,False,True,0.370757180156658,0.36945169712793735
DataSet_04_034,NFX1,-0.16188205500504524,-0.6066793,-0.6066793,5,CRISPR,-,-1 <= m < -0.5,False,False,0.3472584856396867,0.3472584856396867
DataSet_04_036,SMAD2,0.35168830212531654,-1.559244,-1.559244,103,CRISPR,-,-2 <= m < -1,True,True,0.587467362924282,0.5861618798955613
DataSet_04_037,SMAD4,-1.0253977200180715,-1.404555,-1.404555,136,CRISPR,-,-2 <= m < -1,True,True,0.13968668407310705,0.1370757180156658
DataSet_04_038,SMAD5,-1.6538152177886558,-0.8974748,-0.8974748,35,CRISPR,-,-1 <= m < -0.5,False,True,0.10182767624020887,0.10182767624020887
DataSet_04_041,YBX1,-2.4418965819851572,-2.02517,-2.02517,90,CRISPR,-,m < -2,True,True,0.028720626631853787,0.07049608355091384
