exp,tf,masked_frac
DataSet_01_006,PROX1,0.16057441253263707
DataSet_01_007,NR2F2,0.32114882506527415
DataSet_01_008,WT1,0.31592689295039167
DataSet_01_010,TP53,0.007832898172323759
DataSet_01_011,TP53,0.2989556135770235
DataSet_01_012,FLI1,0.1866840731070496
DataSet_01_013,FLI1,0.030026109660574413
DataSet_01_014,FLI1,0.14490861618798956
DataSet_01_015,FLI1,0.24673629242819844
DataSet_01_016,FLI1,0.0195822454308094
DataSet_01_017,ERG,0.26631853785900783
DataSet_01_018,YY1,0.5248041775456919
DataSet_01_021,STAT1,0.014360313315926894
DataSet_01_025,MITF,0.006527415143603133
DataSet_01_026,PAX3,0.20365535248041775
DataSet_01_027,PAX3,0.19712793733681463
DataSet_01_030,RELA,0.0026109660574412533
DataSet_01_031,TP53,0.020887728459530026
DataSet_01_033,ATF3,0.14490861618798956
DataSet_01_034,EGR3,0.04960835509138381
DataSet_01_036,ETV1,0.9804177545691906
DataSet_01_037,TP53,0.7663185378590078
DataSet_01_038,TP53,0.0013054830287206266
DataSet_01_042,POU5F1,0.0013054830287206266
DataSet_01_044,MYB,0.031331592689295036
DataSet_01_049,STAT3,0.3302872062663185
DataSet_01_051,RARA,0.9947780678851175
DataSet_01_053,TFAP2C,0.0039164490861618795
DataSet_01_058,BACH1,0.0013054830287206266
DataSet_01_059,BACH1,0.0013054830287206266
DataSet_01_060,NFE2L2,0.0026109660574412533
DataSet_01_068,TP53,0.044386422976501305
DataSet_01_071,ELF5,0.4216710182767624
DataSet_01_073,ZNF148,0.007832898172323759
DataSet_01_074,CEBPD,0.12532637075718014
DataSet_01_075,CEBPZ,0.5221932114882507
DataSet_01_076,ETS1,0.5352480417754569
DataSet_01_077,FOXM1,0.3877284595300261
DataSet_01_078,HSF2,0.28720626631853785
DataSet_01_079,MITF,0.3720626631853786
DataSet_01_080,RELA,0.04046997389033943
DataSet_01_081,SP1,0.0013054830287206266
DataSet_01_083,STAT1,0.35900783289817234
DataSet_01_084,STAT3,0.1618798955613577
DataSet_01_085,STAT6,0.3224543080939948
DataSet_01_086,HIF1A,0.0013054830287206266
DataSet_01_088,FOXP1,0.16840731070496084
DataSet_01_089,NR2F2,0.6932114882506527
DataSet_01_090,NR2F2,0.5469973890339426
DataSet_01_091,ETV6,0.9765013054830287
DataSet_01_094,NANOG,0.20757180156657964
DataSet_01_095,POU5F1,0.010443864229765013
DataSet_01_096,SOX2,0.0026109660574412533
DataSet_01_098,SALL4,0.26240208877284593
DataSet_01_099,FOS,0.8681462140992167
DataSet_01_101,IRF6,0.5469973890339426
DataSet_01_103,HNF1B,0.020887728459530026
DataSet_01_105,FOXA1,0.04960835509138381
DataSet_01_112,HSF1,0.381201044386423
DataSet_01_114,ARID1A,0.7898172323759791
DataSet_01_117,ID1,0.8211488250652742
DataSet_01_118,ID1,0.16579634464751958
DataSet_01_121,ZIC2,0.5182767624020888
DataSet_01_123,ZNF91,0.4699738903394256
DataSet_01_132,EGR4,0.05221932114882506
DataSet_01_135,SPDEF,0.1514360313315927
DataSet_01_136,REST,0.0013054830287206266
DataSet_01_138,IKZF1,0.9673629242819843
DataSet_01_142,LEF1,0.10966057441253264
DataSet_01_145,REST,0.0013054830287206266
DataSet_01_147,EHF,0.391644908616188
DataSet_01_148,MYBL2,0.19973890339425587
DataSet_01_149,ETS2,0.9569190600522193
DataSet_01_150,TFAP2C,0.009138381201044387
DataSet_01_151,TEAD4,0.03524804177545692
DataSet_01_154,STAT1,0.48433420365535246
DataSet_01_155,HSF1,0.02610966057441253
DataSet_01_156,HIF1A,0.031331592689295036
DataSet_01_162,ELK1,0.2950391644908616
DataSet_01_164,JUN,0.02741514360313316
DataSet_01_165,MAF,0.04699738903394256
DataSet_01_166,NFATC3,0.6932114882506527
DataSet_01_168,STAT3,0.0026109660574412533
DataSet_01_169,HOXB7,0.10704960835509138
DataSet_01_170,HOXB7,0.9647519582245431
DataSet_01_171,FOSL1,0.5195822454308094
DataSet_01_173,ESRRG,0.26762402088772846
DataSet_01_175,TP53,0.005221932114882507
DataSet_01_176,NR2F2,0.283289817232376
DataSet_01_177,NR2F2,0.3342036553524804
DataSet_01_180,STAT3,0.9725848563968669
DataSet_01_183,TP63,0.04308093994778068
DataSet_01_184,STAT3,0.006527415143603133
DataSet_01_185,TCF4,0.7689295039164491
DataSet_01_189,SPDEF,0.9308093994778068
DataSet_01_192,AR,0.43994778067885115
DataSet_01_196,TP63,0.1279373368146214
DataSet_01_198,TP63,0.09399477806788512
DataSet_01_200,TP63,0.2793733681462141
DataSet_01_203,XBP1,0.45822454308093996
DataSet_01_204,XBP1,0.07180156657963446
DataSet_01_211,REST,0.0013054830287206266
DataSet_01_213,SOX11,0.11879895561357702
DataSet_01_214,BCLAF1,0.5274151436031331
DataSet_01_217,TAL1,0.1475195822454308
DataSet_01_220,HIF1A,0.007832898172323759
DataSet_01_222,KLF9,0.43733681462140994
DataSet_01_223,FOXM1,0.24673629242819844
DataSet_01_224,HIF1A,0.016971279373368148
DataSet_01_226,KLF2,0.5757180156657964
DataSet_01_228,HIF1A,0.005221932114882507
DataSet_01_233,FOXA1,0.13968668407310705
DataSet_01_238,NFYB,0.08746736292428199
DataSet_01_244,ETS1,0.05613577023498695
DataSet_01_246,TLX1,0.95822454308094
DataSet_01_247,GATA6,0.10443864229765012
DataSet_01_248,SMAD2,0.17754569190600522
DataSet_01_255,YBX1,0.6710182767624021
DataSet_01_256,YBX1,0.12402088772845953
DataSet_01_257,YBX1,0.7467362924281984
DataSet_01_258,YBX1,0.2258485639686684
DataSet_01_260,SOX4,0.17885117493472585
DataSet_01_261,NFKB2,0.2793733681462141
DataSet_01_267,FOXO3,0.2989556135770235
DataSet_01_269,SIX4,0.5718015665796344
DataSet_01_277,SALL4,0.587467362924282
DataSet_01_280,ESRRA,0.2950391644908616
DataSet_01_281,MSX1,0.03263707571801567
DataSet_01_282,IRF7,0.3237597911227154
DataSet_01_283,AHR,0.037859007832898174
DataSet_01_295,TFAP4,0.5796344647519582
DataSet_01_299,SOX7,0.12532637075718014
DataSet_01_300,SOX17,0.11618798955613577
DataSet_01_304,ETV5,0.9738903394255874
DataSet_01_305,HOXA5,0.42950391644908614
DataSet_01_306,NR2E1,0.097911227154047
DataSet_01_308,SOX9,0.17493472584856398
DataSet_01_309,SOX9,0.17493472584856398
DataSet_01_312,TFAP2C,0.14882506527415143
DataSet_01_318,ELK3,0.44386422976501305
DataSet_01_324,MYC,0.0013054830287206266
DataSet_01_327,TP63,0.033942558746736295
DataSet_01_330,TP63,0.033942558746736295
DataSet_01_332,TOX,0.37989556135770236
DataSet_01_333,HOXC6,0.3328981723237598
DataSet_01_336,GRHL3,0.2010443864229765
DataSet_01_337,REST,0.0013054830287206266
DataSet_01_338,REST,0.0013054830287206266
DataSet_01_339,KLF4,0.8746736292428199
DataSet_01_340,KLF7,0.7872062663185379
DataSet_01_342,KLF7,0.4830287206266319
DataSet_01_347,GATA3,0.8067885117493473
DataSet_01_348,HIF1A,0.0013054830287206266
DataSet_01_349,SOX2,0.013054830287206266
DataSet_01_354,ELK1,0.5248041775456919
DataSet_01_356,ETV4,0.9138381201044387
DataSet_01_357,CDX2,0.7493472584856397
DataSet_01_360,SOX17,0.3328981723237598
DataSet_02_015,HOXB9,0.19973890339425587
DataSet_02_016,JUND,0.024804177545691905
DataSet_02_018,STAT2,0.07571801566579635
DataSet_02_023,STAT1,0.9151436031331592
DataSet_02_025,USF2,0.8877284595300261
DataSet_02_026,USF1,0.8120104438642297
DataSet_02_032,NFE2L1,0.030026109660574413
DataSet_02_033,TEAD2,0.8002610966057441
DataSet_02_039,RELA,0.0013054830287206266
DataSet_02_040,TEAD4,0.741514360313316
DataSet_02_042,SP2,0.5600522193211488
DataSet_02_048,SMAD5,0.006527415143603133
DataSet_02_054,ATF3,0.38511749347258484
DataSet_02_055,DLX1,0.6971279373368147
DataSet_02_061,RFX5,0.664490861618799
DataSet_02_063,TRIM28,0.5704960835509139
DataSet_02_071,TFDP1,0.8929503916449086
DataSet_02_075,HMGA1,0.8263707571801566
DataSet_02_082,ZBTB33,0.21801566579634465
DataSet_02_104,HDGF,0.3133159268929504
DataSet_02_172,ZFX,0.7180156657963447
DataSet_02_185,CTCF,0.8942558746736292
DataSet_02_192,MAX,0.3877284595300261
DataSet_02_206,ZFX,0.4308093994778068
DataSet_03_004,AR,0.9503916449086162
DataSet_03_005,AR,0.8185378590078329
DataSet_03_007,AR,0.36945169712793735
DataSet_03_013,ARID1A,0.5052219321148825
DataSet_03_017,ATF3,0.6109660574412533
DataSet_03_018,ATF4,0.009138381201044387
DataSet_03_026,BCL6,0.0013054830287206266
DataSet_03_049,CEBPB,0.0013054830287206266
DataSet_03_056,CTCF,0.08746736292428199
DataSet_03_059,CTNNB1,0.7976501305483029
DataSet_03_060,E2F1,0.009138381201044387
DataSet_03_063,E2F7,0.7506527415143603
DataSet_03_065,EP300,0.5313315926892951
DataSet_03_073,ETS1,0.04177545691906005
DataSet_03_074,ETS1,0.05483028720626632
DataSet_03_075,ETV6,0.860313315926893
DataSet_03_078,FLI1,0.9882506527415144
DataSet_03_080,FOXA1,0.020887728459530026
DataSet_03_085,FOXD1,0.31462140992167104
DataSet_03_087,FOXF2,0.9242819843342036
DataSet_03_090,FOXM1,0.01174934725848564
DataSet_03_091,FOXM1,0.20365535248041775
DataSet_03_093,FOXM1,0.21018276762402088
DataSet_03_096,FOXO1,0.1227154046997389
DataSet_03_100,GATA2,0.08485639686684072
DataSet_03_108,GATA6,0.3289817232375979
DataSet_03_110,GATA6,0.013054830287206266
DataSet_03_113,GRHL3,0.19451697127937337
DataSet_03_114,HDAC3,0.7741514360313316
DataSet_03_116,HES6,0.3720626631853786
DataSet_03_117,HES6,0.2258485639686684
DataSet_03_119,HIF1A,0.11879895561357702
DataSet_03_122,HINFP,0.7467362924281984
DataSet_03_123,HINFP,0.6579634464751958
DataSet_03_124,HMGA1,0.06657963446475196
DataSet_03_127,HOXB7,0.4608355091383812
DataSet_03_129,HSF1,0.009138381201044387
DataSet_03_143,JUN,0.013054830287206266
DataSet_03_148,KLF5,0.01174934725848564
DataSet_03_149,KLF5,0.06135770234986945
DataSet_03_150,KLF5,0.6449086161879896
DataSet_03_151,KLF5,0.34203655352480417
DataSet_03_155,MAFB,0.1618798955613577
DataSet_03_165,MITF,0.009138381201044387
DataSet_03_168,MITF,0.07571801566579635
DataSet_03_173,MYB,0.08746736292428199
DataSet_03_178,MYC,0.0013054830287206266
DataSet_03_189,NCOA1,0.005221932114882507
DataSet_03_190,NCOA2,0.010443864229765013
DataSet_03_191,NCOA3,0.8746736292428199
DataSet_03_192,NCOR1,0.12924281984334204
DataSet_03_202,NR2F2,0.006527415143603133
DataSet_03_205,PARK7,0.4934725848563969
DataSet_03_207,PBX1,0.7101827676240209
DataSet_03_208,PBX1,0.6814621409921671
DataSet_03_209,PBX1,0.8263707571801566
DataSet_03_214,PPARG,0.0195822454308094
DataSet_03_217,PRRX1,0.7036553524804178
DataSet_03_222,RELA,0.015665796344647518
DataSet_03_223,RELA,0.006527415143603133
DataSet_03_225,RELB,0.22845953002610966
DataSet_03_228,REST,0.0013054830287206266
DataSet_03_229,SATB1,0.005221932114882507
DataSet_03_235,SMARCA4,0.9503916449086162
DataSet_03_236,SMARCC1,0.6932114882506527
DataSet_03_237,SOX11,0.20496083550913838
DataSet_03_238,SOX11,0.1866840731070496
DataSet_03_239,SOX11,0.0013054830287206266
DataSet_03_241,SOX2,0.43733681462140994
DataSet_03_242,SOX2,0.050913838120104436
DataSet_03_244,SOX2,0.009138381201044387
DataSet_03_246,SOX4,0.8746736292428199
DataSet_03_249,SP1,0.7702349869451697
DataSet_03_251,SP1,0.10835509138381201
DataSet_03_253,SPIB,0.35117493472584854
DataSet_03_255,SSRP1,0.5835509138381201
DataSet_03_256,STAT1,0.11488250652741515
DataSet_03_258,STAT3,0.04960835509138381
DataSet_03_259,STAT3,0.5613577023498695
DataSet_03_260,STAT3,0.7349869451697127
DataSet_03_261,STAT3,0.02741514360313316
DataSet_03_262,STAT3,0.9751958224543081
DataSet_03_264,STAT6,0.9321148825065274
DataSet_03_267,TCF7L1,0.06657963446475196
DataSet_03_274,TFAP2C,0.10052219321148825
DataSet_03_275,TFE3,0.0926892950391645
DataSet_03_277,TP53,0.29112271540469975
DataSet_03_284,TWIST2,0.19451697127937337
DataSet_03_287,ZHX2,0.31201044386422977
DataSet_04_015,NKRF,0.206266318537859
DataSet_04_019,SMAD2,0.9543080939947781
DataSet_04_020,SMAD4,0.3368146214099217
DataSet_04_022,STAT1,0.8707571801566579
DataSet_04_024,YBX1,0.5678851174934726
DataSet_04_036,SMAD2,0.5861618798955613
DataSet_04_037,SMAD4,0.13577023498694518
DataSet_04_041,YBX1,0.07049608355091384
