exp,tf,self_edge_weight,has_self_edge,sign,regulon_size,type_p,ulm,no_self-edge,masked
DataSet_01_006,PROX1,0.0,False,none,34,-1,0.15926892950391644,0.15926892950391644,0.16057441253263707
DataSet_01_007,NR2F2,1.0,True,+1,79,-1,0.26762402088772846,0.3237597911227154,0.32114882506527415
DataSet_01_008,WT1,-1.0,True,-1,151,-1,0.4177545691906005,0.3263707571801567,0.31592689295039167
DataSet_01_010,TP53,1.0,True,+1,931,-1,0.009138381201044387,0.010443864229765013,0.007832898172323759
DataSet_01_011,TP53,1.0,True,+1,931,-1,0.283289817232376,0.32114882506527415,0.2989556135770235
DataSet_01_012,FLI1,1.0,True,+1,93,-1,0.16318537859007834,0.18407310704960836,0.1866840731070496
DataSet_01_013,FLI1,1.0,True,+1,93,-1,0.022193211488250653,0.030026109660574413,0.030026109660574413
DataSet_01_014,FLI1,1.0,True,+1,93,-1,0.11096605744125326,0.14360313315926893,0.14490861618798956
DataSet_01_015,FLI1,1.0,True,+1,93,-1,0.22193211488250653,0.2454308093994778,0.24673629242819844
DataSet_01_016,FLI1,1.0,True,+1,93,-1,0.016971279373368148,0.0195822454308094,0.0195822454308094
DataSet_01_017,ERG,1.0,True,+1,56,-1,0.1618798955613577,0.26631853785900783,0.26631853785900783
DataSet_01_018,YY1,-1.0,True,-1,252,-1,0.5939947780678851,0.52088772845953,0.5248041775456919
DataSet_01_021,STAT1,1.0,True,+1,294,-1,0.014360313315926894,0.014360313315926894,0.014360313315926894
DataSet_01_025,MITF,1.0,True,+1,109,-1,0.0039164490861618795,0.005221932114882507,0.006527415143603133
DataSet_01_026,PAX3,1.0,True,+1,113,-1,0.07702349869451697,0.21801566579634465,0.20365535248041775
DataSet_01_027,PAX3,1.0,True,+1,113,-1,0.12924281984334204,0.2010443864229765,0.19712793733681463
DataSet_01_030,RELA,1.0,True,+1,540,-1,0.0013054830287206266,0.0039164490861618795,0.0026109660574412533
DataSet_01_031,TP53,1.0,True,+1,931,-1,0.02610966057441253,0.030026109660574413,0.020887728459530026
DataSet_01_033,ATF3,-1.0,True,-1,108,-1,0.23368146214099217,0.14882506527415143,0.14490861618798956
DataSet_01_034,EGR3,0.0,False,none,32,-1,0.050913838120104436,0.050913838120104436,0.04960835509138381
DataSet_01_036,ETV1,0.0,False,none,21,-1,0.9804177545691906,0.9804177545691906,0.9804177545691906
DataSet_01_037,TP53,1.0,True,+1,931,-1,0.7323759791122716,0.7728459530026109,0.7663185378590078
DataSet_01_038,TP53,1.0,True,+1,931,-1,0.0026109660574412533,0.0026109660574412533,0.0013054830287206266
DataSet_01_042,POU5F1,1.0,True,+1,89,-1,0.0013054830287206266,0.0013054830287206266,0.0013054830287206266
DataSet_01_044,MYB,1.0,True,+1,177,-1,0.024804177545691905,0.030026109660574413,0.031331592689295036
DataSet_01_049,STAT3,1.0,True,+1,425,-1,0.2754569190600522,0.3276762402088773,0.3302872062663185
DataSet_01_051,RARA,1.0,True,+1,182,-1,0.9947780678851175,0.9947780678851175,0.9947780678851175
DataSet_01_053,TFAP2C,1.0,True,+1,34,-1,0.0026109660574412533,0.0039164490861618795,0.0039164490861618795
DataSet_01_058,BACH1,0.0,False,none,15,-1,0.0013054830287206266,0.0013054830287206266,0.0013054830287206266
DataSet_01_059,BACH1,0.0,False,none,15,-1,0.0013054830287206266,0.0013054830287206266,0.0013054830287206266
DataSet_01_060,NFE2L2,1.0,True,+1,196,-1,0.0026109660574412533,0.0026109660574412533,0.0026109660574412533
DataSet_01_068,TP53,1.0,True,+1,931,-1,0.057441253263707574,0.0639686684073107,0.044386422976501305
DataSet_01_071,ELF5,0.0,False,none,10,-1,0.4216710182767624,0.4216710182767624,0.4216710182767624
DataSet_01_073,ZNF148,1.0,True,+1,31,-1,0.0026109660574412533,0.007832898172323759,0.007832898172323759
DataSet_01_074,CEBPD,-1.0,True,-1,94,-1,0.23237597911227154,0.12924281984334204,0.12532637075718014
DataSet_01_075,CEBPZ,0.0,False,none,18,-1,0.5221932114882507,0.5221932114882507,0.5221932114882507
DataSet_01_076,ETS1,1.0,True,+1,206,-1,0.4425587467362924,0.5300261096605744,0.5352480417754569
DataSet_01_077,FOXM1,1.0,True,+1,97,-1,0.2454308093994778,0.38642297650130547,0.3877284595300261
DataSet_01_078,HSF2,1.0,True,+1,25,-1,0.10052219321148825,0.28067885117493474,0.28720626631853785
DataSet_01_079,MITF,1.0,True,+1,109,-1,0.1566579634464752,0.37597911227154046,0.3720626631853786
DataSet_01_080,RELA,1.0,True,+1,540,-1,0.0391644908616188,0.04177545691906005,0.04046997389033943
DataSet_01_081,SP1,1.0,True,+1,1260,-1,0.0013054830287206266,0.0013054830287206266,0.0013054830287206266
DataSet_01_083,STAT1,1.0,True,+1,294,-1,0.2885117493472585,0.3629242819843342,0.35900783289817234
DataSet_01_084,STAT3,1.0,True,+1,425,-1,0.12924281984334204,0.16579634464751958,0.1618798955613577
DataSet_01_085,STAT6,1.0,True,+1,124,-1,0.23890339425587467,0.3198433420365535,0.3224543080939948
DataSet_01_086,HIF1A,-1.0,True,-1,447,-1,0.0013054830287206266,0.0013054830287206266,0.0013054830287206266
DataSet_01_088,FOXP1,1.0,True,+1,33,-1,0.07180156657963446,0.16057441253263707,0.16840731070496084
DataSet_01_089,NR2F2,1.0,True,+1,79,-1,0.45430809399477806,0.6932114882506527,0.6932114882506527
DataSet_01_090,NR2F2,1.0,True,+1,79,-1,0.4281984334203655,0.5509138381201044,0.5469973890339426
DataSet_01_091,ETV6,0.0,False,none,27,-1,0.9778067885117493,0.9778067885117493,0.9765013054830287
DataSet_01_094,NANOG,1.0,True,+1,59,-1,0.07571801566579635,0.20234986945169714,0.20757180156657964
DataSet_01_095,POU5F1,1.0,True,+1,89,-1,0.007832898172323759,0.014360313315926894,0.010443864229765013
DataSet_01_096,SOX2,1.0,True,+1,88,-1,0.0013054830287206266,0.006527415143603133,0.0026109660574412533
DataSet_01_098,SALL4,1.0,True,+1,21,-1,0.06266318537859007,0.2558746736292428,0.26240208877284593
DataSet_01_099,FOS,-1.0,True,-1,330,-1,0.8838120104438643,0.8668407310704961,0.8681462140992167
DataSet_01_101,IRF6,1.0,True,+1,15,-1,0.1279373368146214,0.5535248041775457,0.5469973890339426
DataSet_01_103,HNF1B,1.0,True,+1,65,-1,0.018276762402088774,0.0195822454308094,0.020887728459530026
DataSet_01_105,FOXA1,0.0,False,none,69,-1,0.04960835509138381,0.04960835509138381,0.04960835509138381
DataSet_01_112,HSF1,1.0,True,+1,98,-1,0.2402088772845953,0.3838120104438642,0.381201044386423
DataSet_01_114,ARID1A,0.0,False,none,8,-1,0.7898172323759791,0.7898172323759791,0.7898172323759791
DataSet_01_117,ID1,1.0,True,+1,77,-1,0.7924281984334204,0.835509138381201,0.8211488250652742
DataSet_01_118,ID1,1.0,True,+1,77,-1,0.0835509138381201,0.16971279373368145,0.16579634464751958
DataSet_01_121,ZIC2,0.0,False,none,7,-1,0.5182767624020888,0.5182767624020888,0.5182767624020888
DataSet_01_123,ZNF91,0.0,False,none,48,-1,0.4699738903394256,0.4699738903394256,0.4699738903394256
DataSet_01_132,EGR4,0.0,False,none,15,-1,0.05221932114882506,0.05221932114882506,0.05221932114882506
DataSet_01_135,SPDEF,1.0,True,+1,19,-1,0.04960835509138381,0.14490861618798956,0.1514360313315927
DataSet_01_136,REST,0.0,False,none,73,-1,0.0013054830287206266,0.0013054830287206266,0.0013054830287206266
DataSet_01_138,IKZF1,0.0,False,none,51,-1,0.9673629242819843,0.9673629242819843,0.9673629242819843
DataSet_01_142,LEF1,1.0,True,+1,116,-1,0.028720626631853787,0.11618798955613577,0.10966057441253264
DataSet_01_145,REST,0.0,False,none,73,-1,0.0013054830287206266,0.0013054830287206266,0.0013054830287206266
DataSet_01_147,EHF,0.0,False,none,13,-1,0.391644908616188,0.391644908616188,0.391644908616188
DataSet_01_148,MYBL2,1.0,True,+1,51,-1,0.0926892950391645,0.19973890339425587,0.19973890339425587
DataSet_01_149,ETS2,1.0,True,+1,105,-1,0.8407310704960835,0.95822454308094,0.9569190600522193
DataSet_01_150,TFAP2C,1.0,True,+1,34,-1,0.0039164490861618795,0.007832898172323759,0.009138381201044387
DataSet_01_151,TEAD4,0.0,False,none,11,-1,0.03524804177545692,0.03524804177545692,0.03524804177545692
DataSet_01_154,STAT1,1.0,True,+1,294,-1,0.412532637075718,0.48433420365535246,0.48433420365535246
DataSet_01_155,HSF1,1.0,True,+1,98,-1,0.007832898172323759,0.02741514360313316,0.02610966057441253
DataSet_01_156,HIF1A,-1.0,True,-1,447,-1,0.1422976501305483,0.04699738903394256,0.031331592689295036
DataSet_01_162,ELK1,0.0,False,none,58,-1,0.2950391644908616,0.2950391644908616,0.2950391644908616
DataSet_01_164,JUN,1.0,True,+1,637,-1,0.024804177545691905,0.02741514360313316,0.02741514360313316
DataSet_01_165,MAF,1.0,True,+1,62,-1,0.02741514360313316,0.04699738903394256,0.04699738903394256
DataSet_01_166,NFATC3,0.0,False,none,40,-1,0.6932114882506527,0.6932114882506527,0.6932114882506527
DataSet_01_168,STAT3,1.0,True,+1,425,-1,0.0026109660574412533,0.0026109660574412533,0.0026109660574412533
DataSet_01_169,HOXB7,0.0,False,none,23,-1,0.1122715404699739,0.1122715404699739,0.10704960835509138
DataSet_01_170,HOXB7,0.0,False,none,23,-1,0.9647519582245431,0.9647519582245431,0.9647519582245431
DataSet_01_171,FOSL1,0.0,False,none,50,-1,0.5234986945169713,0.5234986945169713,0.5195822454308094
DataSet_01_173,ESRRG,1.0,True,+1,26,-1,0.12532637075718014,0.26762402088772846,0.26762402088772846
DataSet_01_175,TP53,1.0,True,+1,931,-1,0.005221932114882507,0.009138381201044387,0.005221932114882507
DataSet_01_176,NR2F2,1.0,True,+1,79,-1,0.018276762402088774,0.2963446475195822,0.283289817232376
DataSet_01_177,NR2F2,1.0,True,+1,79,-1,0.0195822454308094,0.3381201044386423,0.3342036553524804
DataSet_01_180,STAT3,1.0,True,+1,425,-1,0.9595300261096605,0.9725848563968669,0.9725848563968669
DataSet_01_183,TP63,1.0,True,+1,198,-1,0.033942558746736295,0.04308093994778068,0.04308093994778068
DataSet_01_184,STAT3,1.0,True,+1,425,-1,0.005221932114882507,0.006527415143603133,0.006527415143603133
DataSet_01_185,TCF4,0.0,False,none,56,-1,0.7650130548302873,0.7650130548302873,0.7689295039164491
DataSet_01_189,SPDEF,1.0,True,+1,19,-1,0.22845953002610966,0.9347258485639687,0.9308093994778068
DataSet_01_192,AR,1.0,True,+1,493,-1,0.360313315926893,0.46866840731070497,0.43994778067885115
DataSet_01_196,TP63,1.0,True,+1,198,-1,0.11357702349869452,0.12924281984334204,0.1279373368146214
DataSet_01_198,TP63,1.0,True,+1,198,-1,0.07571801566579635,0.0926892950391645,0.09399477806788512
DataSet_01_200,TP63,1.0,True,+1,198,-1,0.23237597911227154,0.28067885117493474,0.2793733681462141
DataSet_01_203,XBP1,1.0,True,+1,53,-1,0.195822454308094,0.45691906005221933,0.45822454308093996
DataSet_01_204,XBP1,1.0,True,+1,53,-1,0.022193211488250653,0.07049608355091384,0.07180156657963446
DataSet_01_211,REST,0.0,False,none,73,-1,0.0013054830287206266,0.0013054830287206266,0.0013054830287206266
DataSet_01_213,SOX11,0.0,False,none,11,-1,0.11879895561357702,0.11879895561357702,0.11879895561357702
DataSet_01_214,BCLAF1,1.0,True,+1,8,-1,0.020887728459530026,0.5496083550913838,0.5274151436031331
DataSet_01_217,TAL1,1.0,True,+1,94,-1,0.08485639686684072,0.15013054830287206,0.1475195822454308
DataSet_01_220,HIF1A,-1.0,True,-1,447,-1,0.01174934725848564,0.009138381201044387,0.007832898172323759
DataSet_01_222,KLF9,0.0,False,none,25,-1,0.43733681462140994,0.43733681462140994,0.43733681462140994
DataSet_01_223,FOXM1,1.0,True,+1,97,-1,0.04308093994778068,0.2519582245430809,0.24673629242819844
DataSet_01_224,HIF1A,-1.0,True,-1,447,-1,0.028720626631853787,0.016971279373368148,0.016971279373368148
DataSet_01_226,KLF2,1.0,True,+1,66,-1,0.4451697127937337,0.5809399477806788,0.5757180156657964
DataSet_01_228,HIF1A,-1.0,True,-1,447,-1,0.014360313315926894,0.007832898172323759,0.005221932114882507
DataSet_01_233,FOXA1,0.0,False,none,69,-1,0.14490861618798956,0.14490861618798956,0.13968668407310705
DataSet_01_238,NFYB,0.0,False,none,40,-1,0.08746736292428199,0.08746736292428199,0.08746736292428199
DataSet_01_244,ETS1,1.0,True,+1,206,-1,0.031331592689295036,0.0639686684073107,0.05613577023498695
DataSet_01_246,TLX1,1.0,True,+1,10,-1,0.04308093994778068,0.9660574412532638,0.95822454308094
DataSet_01_247,GATA6,1.0,True,+1,84,-1,0.06135770234986945,0.10704960835509138,0.10443864229765012
DataSet_01_248,SMAD2,0.0,False,none,103,-1,0.1801566579634465,0.1801566579634465,0.17754569190600522
DataSet_01_255,YBX1,1.0,True,+1,91,-1,0.5052219321148825,0.6710182767624021,0.6710182767624021
DataSet_01_256,YBX1,1.0,True,+1,91,-1,0.028720626631853787,0.12663185378590078,0.12402088772845953
DataSet_01_257,YBX1,1.0,True,+1,91,-1,0.6736292428198434,0.7480417754569191,0.7467362924281984
DataSet_01_258,YBX1,1.0,True,+1,91,-1,0.07441253263707572,0.2245430809399478,0.2258485639686684
DataSet_01_260,SOX4,1.0,True,+1,22,-1,0.02349869451697128,0.1762402088772846,0.17885117493472585
DataSet_01_261,NFKB2,1.0,True,+1,73,-1,0.06919060052219321,0.2741514360313316,0.2793733681462141
DataSet_01_267,FOXO3,1.0,True,+1,191,-1,0.20887728459530025,0.3002610966057441,0.2989556135770235
DataSet_01_269,SIX4,0.0,False,none,7,-1,0.5718015665796344,0.5718015665796344,0.5718015665796344
DataSet_01_277,SALL4,1.0,True,+1,21,-1,0.25326370757180156,0.5796344647519582,0.587467362924282
DataSet_01_280,ESRRA,1.0,True,+1,49,-1,0.1409921671018277,0.2885117493472585,0.2950391644908616
DataSet_01_281,MSX1,-1.0,True,-1,26,-1,0.14882506527415143,0.031331592689295036,0.03263707571801567
DataSet_01_282,IRF7,0.0,False,none,31,-1,0.3198433420365535,0.3198433420365535,0.3237597911227154
DataSet_01_283,AHR,1.0,True,+1,191,-1,0.031331592689295036,0.0391644908616188,0.037859007832898174
DataSet_01_295,TFAP4,1.0,True,+1,37,-1,0.4621409921671018,0.5052219321148825,0.5796344647519582
DataSet_01_299,SOX7,0.0,False,none,6,-1,0.12532637075718014,0.12532637075718014,0.12532637075718014
DataSet_01_300,SOX17,1.0,True,+1,45,-1,0.0587467362924282,0.11488250652741515,0.11618798955613577
DataSet_01_304,ETV5,0.0,False,none,23,-1,0.9738903394255874,0.9738903394255874,0.9738903394255874
DataSet_01_305,HOXA5,0.0,False,none,16,-1,0.4308093994778068,0.4308093994778068,0.42950391644908614
DataSet_01_306,NR2E1,-1.0,True,-1,17,-1,0.2349869451697128,0.09530026109660575,0.097911227154047
DataSet_01_308,SOX9,1.0,True,+1,104,-1,0.13838120104438642,0.17754569190600522,0.17493472584856398
DataSet_01_309,SOX9,1.0,True,+1,104,-1,0.13838120104438642,0.17754569190600522,0.17493472584856398
DataSet_01_312,TFAP2C,1.0,True,+1,34,-1,0.03263707571801567,0.1475195822454308,0.14882506527415143
DataSet_01_318,ELK3,0.0,False,none,27,-1,0.44386422976501305,0.44386422976501305,0.44386422976501305
DataSet_01_324,MYC,-1.0,True,-1,845,-1,0.0013054830287206266,0.0013054830287206266,0.0013054830287206266
DataSet_01_327,TP63,1.0,True,+1,198,-1,0.015665796344647518,0.03524804177545692,0.033942558746736295
DataSet_01_330,TP63,1.0,True,+1,198,-1,0.015665796344647518,0.03524804177545692,0.033942558746736295
DataSet_01_332,TOX,1.0,True,+1,5,-1,0.014360313315926894,0.3733681462140992,0.37989556135770236
DataSet_01_333,HOXC6,0.0,False,none,12,-1,0.3342036553524804,0.3342036553524804,0.3328981723237598
DataSet_01_336,GRHL3,0.0,False,none,28,-1,0.2010443864229765,0.2010443864229765,0.2010443864229765
DataSet_01_337,REST,0.0,False,none,73,-1,0.0013054830287206266,0.0013054830287206266,0.0013054830287206266
DataSet_01_338,REST,0.0,False,none,73,-1,0.0013054830287206266,0.0013054830287206266,0.0013054830287206266
DataSet_01_339,KLF4,1.0,True,+1,128,-1,0.8133159268929504,0.8759791122715405,0.8746736292428199
DataSet_01_340,KLF7,1.0,True,+1,11,-1,0.4556135770234987,0.7819843342036553,0.7872062663185379
DataSet_01_342,KLF7,1.0,True,+1,11,-1,0.05613577023498695,0.47911227154047,0.4830287206266319
DataSet_01_347,GATA3,1.0,True,+1,182,-1,0.7571801566579635,0.8133159268929504,0.8067885117493473
DataSet_01_348,HIF1A,-1.0,True,-1,447,-1,0.0013054830287206266,0.0013054830287206266,0.0013054830287206266
DataSet_01_349,SOX2,1.0,True,+1,88,-1,0.006527415143603133,0.010443864229765013,0.013054830287206266
DataSet_01_354,ELK1,0.0,False,none,58,-1,0.5248041775456919,0.5248041775456919,0.5248041775456919
DataSet_01_356,ETV4,1.0,True,+1,62,-1,0.8368146214099217,0.9138381201044387,0.9138381201044387
DataSet_01_357,CDX2,1.0,True,+1,77,-1,0.6879895561357703,0.7480417754569191,0.7493472584856397
DataSet_01_360,SOX17,1.0,True,+1,45,-1,0.2154046997389034,0.3342036553524804,0.3328981723237598
DataSet_02_015,HOXB9,0.0,False,none,6,-1,0.19973890339425587,0.19973890339425587,0.19973890339425587
DataSet_02_016,JUND,1.0,True,+1,104,-1,0.018276762402088774,0.024804177545691905,0.024804177545691905
DataSet_02_018,STAT2,0.0,False,none,49,-1,0.07571801566579635,0.07571801566579635,0.07571801566579635
DataSet_02_023,STAT1,1.0,True,+1,294,-1,0.8955613577023499,0.9151436031331592,0.9151436031331592
DataSet_02_025,USF2,1.0,True,+1,112,-1,0.8681462140992167,0.8942558746736292,0.8877284595300261
DataSet_02_026,USF1,1.0,True,+1,221,-1,0.7702349869451697,0.8120104438642297,0.8120104438642297
DataSet_02_032,NFE2L1,1.0,True,+1,9,-1,0.015665796344647518,0.028720626631853787,0.030026109660574413
DataSet_02_033,TEAD2,0.0,False,none,6,-1,0.8002610966057441,0.8002610966057441,0.8002610966057441
DataSet_02_039,RELA,1.0,True,+1,540,-1,0.0013054830287206266,0.0013054830287206266,0.0013054830287206266
DataSet_02_040,TEAD4,0.0,False,none,11,-1,0.741514360313316,0.741514360313316,0.741514360313316
DataSet_02_042,SP2,0.0,False,none,22,-1,0.5600522193211488,0.5600522193211488,0.5600522193211488
DataSet_02_048,SMAD5,0.0,False,none,35,-1,0.006527415143603133,0.006527415143603133,0.006527415143603133
DataSet_02_054,ATF3,-1.0,True,-1,108,-1,0.46866840731070497,0.39033942558746737,0.38511749347258484
DataSet_02_055,DLX1,0.0,False,none,10,-1,0.6971279373368147,0.6971279373368147,0.6971279373368147
DataSet_02_061,RFX5,1.0,True,+1,24,-1,0.5195822454308094,0.660574412532637,0.664490861618799
DataSet_02_063,TRIM28,0.0,False,none,6,-1,0.5731070496083551,0.5731070496083551,0.5704960835509139
DataSet_02_071,TFDP1,0.0,False,none,31,-1,0.8929503916449086,0.8929503916449086,0.8929503916449086
DataSet_02_075,HMGA1,1.0,True,+1,73,-1,0.7480417754569191,0.8289817232375979,0.8263707571801566
DataSet_02_082,ZBTB33,0.0,False,none,11,-1,0.21801566579634465,0.21801566579634465,0.21801566579634465
DataSet_02_104,HDGF,0.0,False,none,7,-1,0.3133159268929504,0.3133159268929504,0.3133159268929504
DataSet_02_172,ZFX,0.0,False,none,5,-1,0.7180156657963447,0.7180156657963447,0.7180156657963447
DataSet_02_185,CTCF,1.0,True,+1,137,-1,0.8720626631853786,0.8955613577023499,0.8942558746736292
DataSet_02_192,MAX,1.0,True,+1,49,-1,0.2989556135770235,0.38903394255874674,0.3877284595300261
DataSet_02_206,ZFX,0.0,False,none,5,-1,0.42950391644908614,0.42950391644908614,0.4308093994778068
DataSet_03_004,AR,1.0,True,+1,493,-1,0.9360313315926893,0.9477806788511749,0.9503916449086162
DataSet_03_005,AR,1.0,True,+1,493,-1,0.7767624020887729,0.8159268929503917,0.8185378590078329
DataSet_03_007,AR,1.0,True,+1,493,-1,0.26240208877284593,0.39033942558746737,0.36945169712793735
DataSet_03_013,ARID1A,0.0,False,none,8,-1,0.5052219321148825,0.5052219321148825,0.5052219321148825
DataSet_03_017,ATF3,-1.0,True,-1,108,-1,0.8159268929503917,0.6161879895561357,0.6109660574412533
DataSet_03_018,ATF4,1.0,True,+1,121,-1,0.006527415143603133,0.009138381201044387,0.009138381201044387
DataSet_03_026,BCL6,-1.0,True,-1,99,-1,0.0026109660574412533,0.0013054830287206266,0.0013054830287206266
DataSet_03_049,CEBPB,1.0,True,+1,444,-1,0.0013054830287206266,0.0013054830287206266,0.0013054830287206266
DataSet_03_056,CTCF,1.0,True,+1,137,-1,0.013054830287206266,0.09007832898172324,0.08746736292428199
DataSet_03_059,CTNNB1,-1.0,True,-1,331,-1,0.9516971279373369,0.783289817232376,0.7976501305483029
DataSet_03_060,E2F1,1.0,True,+1,306,-1,0.010443864229765013,0.022193211488250653,0.009138381201044387
DataSet_03_063,E2F7,0.0,False,none,7,-1,0.7506527415143603,0.7506527415143603,0.7506527415143603
DataSet_03_065,EP300,0.0,False,none,73,-1,0.5391644908616188,0.5391644908616188,0.5313315926892951
DataSet_03_073,ETS1,1.0,True,+1,206,-1,0.02741514360313316,0.04046997389033943,0.04177545691906005
DataSet_03_074,ETS1,1.0,True,+1,206,-1,0.033942558746736295,0.05483028720626632,0.05483028720626632
DataSet_03_075,ETV6,0.0,False,none,27,-1,0.8590078328981723,0.8590078328981723,0.860313315926893
DataSet_03_078,FLI1,1.0,True,+1,93,-1,0.9817232375979112,0.9882506527415144,0.9882506527415144
DataSet_03_080,FOXA1,0.0,False,none,69,-1,0.020887728459530026,0.020887728459530026,0.020887728459530026
DataSet_03_085,FOXD1,0.0,False,none,6,-1,0.31723237597911225,0.31723237597911225,0.31462140992167104
DataSet_03_087,FOXF2,0.0,False,none,12,-1,0.9242819843342036,0.9242819843342036,0.9242819843342036
DataSet_03_090,FOXM1,1.0,True,+1,97,-1,0.009138381201044387,0.01174934725848564,0.01174934725848564
DataSet_03_091,FOXM1,1.0,True,+1,97,-1,0.04960835509138381,0.20757180156657964,0.20365535248041775
DataSet_03_093,FOXM1,1.0,True,+1,97,-1,0.020887728459530026,0.21409921671018275,0.21018276762402088
DataSet_03_096,FOXO1,1.0,True,+1,265,-1,0.08877284595300261,0.12140992167101827,0.1227154046997389
DataSet_03_100,GATA2,1.0,True,+1,97,-1,0.05483028720626632,0.08485639686684072,0.08485639686684072
DataSet_03_108,GATA6,1.0,True,+1,84,-1,0.2689295039164491,0.3328981723237598,0.3289817232375979
DataSet_03_110,GATA6,1.0,True,+1,84,-1,0.006527415143603133,0.013054830287206266,0.013054830287206266
DataSet_03_113,GRHL3,0.0,False,none,28,-1,0.195822454308094,0.195822454308094,0.19451697127937337
DataSet_03_114,HDAC3,0.0,False,none,27,-1,0.7741514360313316,0.7741514360313316,0.7741514360313316
DataSet_03_116,HES6,0.0,False,none,9,-1,0.37467362924281983,0.37467362924281983,0.3720626631853786
DataSet_03_117,HES6,0.0,False,none,9,-1,0.22845953002610966,0.22845953002610966,0.2258485639686684
DataSet_03_119,HIF1A,-1.0,True,-1,447,-1,0.18407310704960836,0.12663185378590078,0.11879895561357702
DataSet_03_122,HINFP,1.0,True,+1,10,-1,0.27284595300261094,0.7493472584856397,0.7467362924281984
DataSet_03_123,HINFP,1.0,True,+1,10,-1,0.13185378590078328,0.6684073107049608,0.6579634464751958
DataSet_03_124,HMGA1,1.0,True,+1,73,-1,0.031331592689295036,0.06527415143603134,0.06657963446475196
DataSet_03_127,HOXB7,0.0,False,none,23,-1,0.4621409921671018,0.4621409921671018,0.4608355091383812
DataSet_03_129,HSF1,1.0,True,+1,98,-1,0.0039164490861618795,0.009138381201044387,0.009138381201044387
DataSet_03_143,JUN,1.0,True,+1,637,-1,0.013054830287206266,0.0195822454308094,0.013054830287206266
DataSet_03_148,KLF5,1.0,True,+1,76,-1,0.0026109660574412533,0.010443864229765013,0.01174934725848564
DataSet_03_149,KLF5,1.0,True,+1,76,-1,0.03524804177545692,0.06135770234986945,0.06135770234986945
DataSet_03_150,KLF5,1.0,True,+1,76,-1,0.5574412532637075,0.6475195822454308,0.6449086161879896
DataSet_03_151,KLF5,1.0,True,+1,76,-1,0.2206266318537859,0.34073107049608353,0.34203655352480417
DataSet_03_155,MAFB,1.0,True,+1,46,-1,0.06788511749347259,0.15926892950391644,0.1618798955613577
DataSet_03_165,MITF,1.0,True,+1,109,-1,0.009138381201044387,0.009138381201044387,0.009138381201044387
DataSet_03_168,MITF,1.0,True,+1,109,-1,0.05483028720626632,0.06919060052219321,0.07571801566579635
DataSet_03_173,MYB,1.0,True,+1,177,-1,0.05221932114882506,0.10182767624020887,0.08746736292428199
DataSet_03_178,MYC,-1.0,True,-1,845,-1,0.0013054830287206266,0.0013054830287206266,0.0013054830287206266
DataSet_03_189,NCOA1,0.0,False,none,89,-1,0.005221932114882507,0.005221932114882507,0.005221932114882507
DataSet_03_190,NCOA2,1.0,True,+1,61,-1,0.005221932114882507,0.010443864229765013,0.010443864229765013
DataSet_03_191,NCOA3,1.0,True,+1,74,-1,0.660574412532637,0.8798955613577023,0.8746736292428199
DataSet_03_192,NCOR1,1.0,True,+1,88,-1,0.015665796344647518,0.13185378590078328,0.12924281984334204
DataSet_03_202,NR2F2,1.0,True,+1,79,-1,0.0013054830287206266,0.006527415143603133,0.006527415143603133
DataSet_03_205,PARK7,0.0,False,none,7,-1,0.4908616187989556,0.4908616187989556,0.4934725848563969
DataSet_03_207,PBX1,1.0,True,+1,62,-1,0.24151436031331594,0.706266318537859,0.7101827676240209
DataSet_03_208,PBX1,1.0,True,+1,62,-1,0.3720626631853786,0.6866840731070496,0.6814621409921671
DataSet_03_209,PBX1,1.0,True,+1,62,-1,0.5691906005221932,0.8276762402088773,0.8263707571801566
DataSet_03_214,PPARG,0.0,False,none,342,-1,0.02349869451697128,0.02349869451697128,0.0195822454308094
DataSet_03_217,PRRX1,0.0,False,none,6,-1,0.7036553524804178,0.7036553524804178,0.7036553524804178
DataSet_03_222,RELA,1.0,True,+1,540,-1,0.013054830287206266,0.016971279373368148,0.015665796344647518
DataSet_03_223,RELA,1.0,True,+1,540,-1,0.006527415143603133,0.006527415143603133,0.006527415143603133
DataSet_03_225,RELB,1.0,True,+1,56,-1,0.1370757180156658,0.22845953002610966,0.22845953002610966
DataSet_03_228,REST,0.0,False,none,73,-1,0.0013054830287206266,0.0013054830287206266,0.0013054830287206266
DataSet_03_229,SATB1,1.0,True,+1,45,-1,0.0026109660574412533,0.005221932114882507,0.005221932114882507
DataSet_03_235,SMARCA4,0.0,False,none,10,-1,0.9503916449086162,0.9503916449086162,0.9503916449086162
DataSet_03_236,SMARCC1,1.0,True,+1,9,-1,0.007832898172323759,0.7036553524804178,0.6932114882506527
DataSet_03_237,SOX11,0.0,False,none,11,-1,0.20496083550913838,0.20496083550913838,0.20496083550913838
DataSet_03_238,SOX11,0.0,False,none,11,-1,0.1866840731070496,0.1866840731070496,0.1866840731070496
DataSet_03_239,SOX11,0.0,False,none,11,-1,0.0013054830287206266,0.0013054830287206266,0.0013054830287206266
DataSet_03_241,SOX2,1.0,True,+1,88,-1,0.23368146214099217,0.4425587467362924,0.43733681462140994
DataSet_03_242,SOX2,1.0,True,+1,88,-1,0.024804177545691905,0.05613577023498695,0.050913838120104436
DataSet_03_244,SOX2,1.0,True,+1,88,-1,0.006527415143603133,0.009138381201044387,0.009138381201044387
DataSet_03_246,SOX4,1.0,True,+1,22,-1,0.8302872062663186,0.8759791122715405,0.8746736292428199
DataSet_03_249,SP1,1.0,True,+1,1260,-1,0.737597911227154,0.7741514360313316,0.7702349869451697
DataSet_03_251,SP1,1.0,True,+1,1260,-1,0.10052219321148825,0.11879895561357702,0.10835509138381201
DataSet_03_253,SPIB,1.0,True,+1,18,-1,0.016971279373368148,0.34856396866840733,0.35117493472584854
DataSet_03_255,SSRP1,0.0,False,none,146,-1,0.5848563968668408,0.5848563968668408,0.5835509138381201
DataSet_03_256,STAT1,1.0,True,+1,294,-1,0.06919060052219321,0.12140992167101827,0.11488250652741515
DataSet_03_258,STAT3,1.0,True,+1,425,-1,0.048302872062663184,0.04960835509138381,0.04960835509138381
DataSet_03_259,STAT3,1.0,True,+1,425,-1,0.4451697127937337,0.5613577023498695,0.5613577023498695
DataSet_03_260,STAT3,1.0,True,+1,425,-1,0.6422976501305483,0.737597911227154,0.7349869451697127
DataSet_03_261,STAT3,1.0,True,+1,425,-1,0.010443864229765013,0.031331592689295036,0.02741514360313316
DataSet_03_262,STAT3,1.0,True,+1,425,-1,0.9673629242819843,0.9751958224543081,0.9751958224543081
DataSet_03_264,STAT6,1.0,True,+1,124,-1,0.9060052219321149,0.9321148825065274,0.9321148825065274
DataSet_03_267,TCF7L1,0.0,False,none,6,-1,0.06657963446475196,0.06657963446475196,0.06657963446475196
DataSet_03_274,TFAP2C,1.0,True,+1,34,-1,0.05613577023498695,0.097911227154047,0.10052219321148825
DataSet_03_275,TFE3,1.0,True,+1,37,-1,0.05483028720626632,0.09138381201044386,0.0926892950391645
DataSet_03_277,TP53,1.0,True,+1,931,-1,0.283289817232376,0.32114882506527415,0.29112271540469975
DataSet_03_284,TWIST2,1.0,True,+1,34,-1,0.013054830287206266,0.17885117493472585,0.19451697127937337
DataSet_03_287,ZHX2,-1.0,True,-1,11,-1,0.8133159268929504,0.2989556135770235,0.31201044386422977
DataSet_04_015,NKRF,0.0,False,none,9,-1,0.206266318537859,0.206266318537859,0.206266318537859
DataSet_04_019,SMAD2,0.0,False,none,103,-1,0.9543080939947781,0.9543080939947781,0.9543080939947781
DataSet_04_020,SMAD4,0.0,False,none,136,-1,0.3381201044386423,0.3381201044386423,0.3368146214099217
DataSet_04_022,STAT1,1.0,True,+1,294,-1,0.8159268929503917,0.8720626631853786,0.8707571801566579
DataSet_04_024,YBX1,1.0,True,+1,91,-1,0.37989556135770236,0.5796344647519582,0.5678851174934726
DataSet_04_036,SMAD2,0.0,False,none,103,-1,0.587467362924282,0.587467362924282,0.5861618798955613
DataSet_04_037,SMAD4,0.0,False,none,136,-1,0.13968668407310705,0.13968668407310705,0.13577023498694518
DataSet_04_041,YBX1,1.0,True,+1,91,-1,0.028720626631853787,0.06788511749347259,0.07049608355091384
