tf,cls,size,n,med_fr,mean_fr,hits,med_lfc
AHR,activator-majority,191,1,0.037859007832898174,0.037859007832898174,1,-1.92282
AR,activator-majority,493,4,0.6292428198433421,0.6445822454308094,0,-1.8042120000000001
ARID1A,activator-majority,8,2,0.6475195822454308,0.6475195822454308,0,-1.1681249999999999
ATF3,repressor-majority,108,3,0.38511749347258484,0.3803307223672759,0,-1.86056
ATF4,no default edges,121,1,0.009138381201044387,0.009138381201044387,1,-2.426447
BACH1,tie / no PMID,15,2,0.0013054830287206266,0.0013054830287206266,2,-2.46554
BCL6,repressor-majority,99,1,0.0013054830287206266,0.0013054830287206266,1,-1.080475
BCLAF1,activator-majority,8,1,0.5274151436031331,0.5274151436031331,0,-1.2932
CDX2,no default edges,77,1,0.7493472584856397,0.7493472584856397,0,-1.29555
CEBPB,activator-majority,444,1,0.0013054830287206266,0.0013054830287206266,1,-2.360576
CEBPD,activator-majority,94,1,0.12532637075718014,0.12532637075718014,0,-1.47847
CEBPZ,activator-majority,18,1,0.5221932114882507,0.5221932114882507,0,-1.47229
CTCF,activator-majority,137,2,0.4908616187989556,0.4908616187989556,1,-1.6348165
CTNNB1,no default edges,331,1,0.7976501305483029,0.7976501305483029,0,-3.872987
DLX1,repressor-majority,10,1,0.6971279373368147,0.6971279373368147,0,-1.25001
E2F1,no default edges,306,1,0.009138381201044387,0.009138381201044387,1,-1.801817
E2F7,no default edges,7,1,0.7506527415143603,0.7506527415143603,0,-1.445059
EGR3,activator-majority,32,1,0.04960835509138381,0.04960835509138381,1,-1.91759
EGR4,activator-majority,15,1,0.05221932114882506,0.05221932114882506,1,-1.1066
EHF,activator-majority,13,1,0.391644908616188,0.391644908616188,0,-1.91277
ELF5,repressor-majority,10,1,0.4216710182767624,0.4216710182767624,0,-1.7665
ELK1,no default edges,58,2,0.4099216710182767,0.4099216710182767,0,-1.60558
ELK3,repressor-majority,27,1,0.44386422976501305,0.44386422976501305,0,-2.82074
EP300,activator-majority,73,1,0.5313315926892951,0.5313315926892951,0,-1.72724
ERG,no default edges,56,1,0.26631853785900783,0.26631853785900783,0,-2.34525
ESRRA,no default edges,49,1,0.2950391644908616,0.2950391644908616,0,-1.91149
ESRRG,activator-majority,26,1,0.26762402088772846,0.26762402088772846,0,-1.14821
ETS1,no default edges,206,4,0.05548302872062663,0.17199738903394257,3,-1.307703
ETS2,no default edges,105,1,0.9569190600522193,0.9569190600522193,0,-1.04667
ETV1,no default edges,21,1,0.9804177545691906,0.9804177545691906,0,-1.87871
ETV4,no default edges,62,1,0.9138381201044387,0.9138381201044387,0,-1.64145
ETV5,no default edges,23,1,0.9738903394255874,0.9738903394255874,0,-1.12304
ETV6,repressor-majority,27,2,0.9184073107049608,0.9184073107049608,0,-1.780386
FLI1,activator-majority,93,6,0.16579634464751958,0.2693646649260226,2,-1.542565
FOS,activator-majority,330,1,0.8681462140992167,0.8681462140992167,0,-1.23434
FOSL1,activator-majority,50,1,0.5195822454308094,0.5195822454308094,0,-1.41633
FOXA1,activator-majority,69,3,0.04960835509138381,0.07006092254134029,2,-1.43603
FOXD1,repressor-majority,6,1,0.31462140992167104,0.31462140992167104,0,-2.771563
FOXF2,tie / no PMID,12,1,0.9242819843342036,0.9242819843342036,0,-1.079575
FOXM1,no default edges,97,5,0.21018276762402088,0.21201044386422976,1,-2.553802
FOXO1,no default edges,265,1,0.1227154046997389,0.1227154046997389,0,-3.68757
FOXO3,activator-majority,191,1,0.2989556135770235,0.2989556135770235,0,-1.83034
FOXP1,repressor-majority,33,1,0.16840731070496084,0.16840731070496084,0,-1.35282
GATA2,no default edges,97,1,0.08485639686684072,0.08485639686684072,1,-1.408143
GATA3,activator-majority,182,1,0.8067885117493473,0.8067885117493473,0,-1.49625
GATA6,activator-majority,84,3,0.10443864229765012,0.14882506527415143,1,-1.123892
GRHL3,tie / no PMID,28,2,0.19778067885117495,0.19778067885117495,0,-2.648893
HDAC3,repressor-majority,27,1,0.7741514360313316,0.7741514360313316,0,-1.015974
HDGF,activator-majority,7,1,0.3133159268929504,0.3133159268929504,0,-3.16823
HES6,repressor-majority,9,2,0.2989556135770235,0.2989556135770235,0,-1.1463744999999999
HIF1A,activator-majority,447,7,0.007832898172323759,0.02610966057441253,6,-1.95443
HINFP,repressor-majority,10,2,0.7023498694516971,0.7023498694516971,0,-1.345175
HMGA1,activator-majority,73,2,0.4464751958224543,0.4464751958224543,1,-1.8170265
HNF1B,activator-majority,65,1,0.020887728459530026,0.020887728459530026,1,-1.0585
HOXA5,activator-majority,16,1,0.42950391644908614,0.42950391644908614,0,-1.5133
HOXB7,activator-majority,23,3,0.4608355091383812,0.5108790252393386,0,-2.7728
HOXB9,no default edges,6,1,0.19973890339425587,0.19973890339425587,0,-1.13412
HOXC6,tie / no PMID,12,1,0.3328981723237598,0.3328981723237598,0,-2.32533
HSF1,activator-majority,98,3,0.02610966057441253,0.13881636205395997,2,-1.158558
HSF2,activator-majority,25,1,0.28720626631853785,0.28720626631853785,0,-1.50714
ID1,repressor-majority,77,2,0.4934725848563969,0.4934725848563969,0,-1.86632
IKZF1,activator-majority,51,1,0.9673629242819843,0.9673629242819843,0,-1.02215
IRF6,activator-majority,15,1,0.5469973890339426,0.5469973890339426,0,-1.60997
IRF7,no default edges,31,1,0.3237597911227154,0.3237597911227154,0,-1.8021
JUN,activator-majority,637,2,0.020234986945169713,0.020234986945169713,2,-2.512749
JUND,activator-majority,104,1,0.024804177545691905,0.024804177545691905,1,-1.25221
KLF2,tie / no PMID,66,1,0.5757180156657964,0.5757180156657964,0,-1.74897
KLF4,activator-majority,128,1,0.8746736292428199,0.8746736292428199,0,-1.46365
KLF5,activator-majority,76,4,0.2016971279373368,0.2650130548302872,2,-1.5585900000000001
KLF7,tie / no PMID,11,2,0.6351174934725848,0.6351174934725848,0,-1.68973
KLF9,activator-majority,25,1,0.43733681462140994,0.43733681462140994,0,-2.95993
LEF1,no default edges,116,1,0.10966057441253264,0.10966057441253264,0,-1.61584
MAF,activator-majority,62,1,0.04699738903394256,0.04699738903394256,1,-8.52636
MAFB,activator-majority,46,1,0.1618798955613577,0.1618798955613577,0,-2.11
MAX,activator-majority,49,1,0.3877284595300261,0.3877284595300261,0,-1.07684
MITF,activator-majority,109,4,0.04242819843342037,0.11586161879895562,3,-1.2189845
MSX1,repressor-majority,26,1,0.03263707571801567,0.03263707571801567,1,-4.25376
MYB,activator-majority,177,2,0.05939947780678852,0.05939947780678852,2,-2.0170285
MYBL2,activator-majority,51,1,0.19973890339425587,0.19973890339425587,0,-1.52657
MYC,activator-majority,845,2,0.0013054830287206266,0.0013054830287206266,2,-1.834882
NANOG,repressor-majority,59,1,0.20757180156657964,0.20757180156657964,0,-1.55195
NCOA1,activator-majority,89,1,0.005221932114882507,0.005221932114882507,1,-3.616286
NCOA2,activator-majority,61,1,0.010443864229765013,0.010443864229765013,1,-2.297202
NCOA3,activator-majority,74,1,0.8746736292428199,0.8746736292428199,0,-1.881659
NCOR1,repressor-majority,88,1,0.12924281984334204,0.12924281984334204,0,-1.994582
NFATC3,activator-majority,40,1,0.6932114882506527,0.6932114882506527,0,-1.78257
NFE2L1,activator-majority,9,1,0.030026109660574413,0.030026109660574413,1,-1.56069
NFE2L2,activator-majority,196,1,0.0026109660574412533,0.0026109660574412533,1,-2.87887
NFKB2,activator-majority,73,1,0.2793733681462141,0.2793733681462141,0,-1.50026
NFYB,activator-majority,40,1,0.08746736292428199,0.08746736292428199,1,-2.46407
NKRF,activator-majority,9,1,0.206266318537859,0.206266318537859,0,-1.789867
NR2E1,repressor-majority,17,1,0.097911227154047,0.097911227154047,1,-1.10318
NR2F2,repressor-majority,79,6,0.3276762402088773,0.3642297650130548,1,-1.834403
PARK7,no default edges,7,1,0.4934725848563969,0.4934725848563969,0,-4.931629
PAX3,activator-majority,113,2,0.2003916449086162,0.2003916449086162,0,-1.154115
PBX1,no default edges,62,3,0.7101827676240209,0.7393385552654482,0,-1.237863
POU5F1,activator-majority,89,2,0.00587467362924282,0.00587467362924282,2,-2.4156649999999997
PPARG,activator-majority,342,1,0.0195822454308094,0.0195822454308094,1,-1.296667
PROX1,activator-majority,34,1,0.16057441253263707,0.16057441253263707,0,-1.13977
PRRX1,no default edges,6,1,0.7036553524804178,0.7036553524804178,0,-1.515082
RARA,activator-majority,182,1,0.9947780678851175,0.9947780678851175,0,-1.27545
RELA,activator-majority,540,5,0.006527415143603133,0.013315926892950391,5,-1.39551
RELB,activator-majority,56,1,0.22845953002610966,0.22845953002610966,0,-1.64003
REST,no default edges,73,6,0.0013054830287206266,0.0013054830287206269,6,-1.66415
RFX5,tie / no PMID,24,1,0.664490861618799,0.664490861618799,0,-1.58857
SALL4,no default edges,21,2,0.42493472584856395,0.42493472584856395,0,-1.6382400000000001
SATB1,activator-majority,45,1,0.005221932114882507,0.005221932114882507,1,-1.656688
SIX4,activator-majority,7,1,0.5718015665796344,0.5718015665796344,0,-3.3989
SMAD2,no default edges,103,3,0.5861618798955613,0.5726718885987815,0,-1.43249
SMAD4,no default edges,136,2,0.23629242819843344,0.23629242819843344,0,-1.5345465
SMAD5,activator-majority,35,1,0.006527415143603133,0.006527415143603133,1,-1.81161
SMARCA4,no default edges,10,1,0.9503916449086162,0.9503916449086162,0,-2.833681
SMARCC1,activator-majority,9,1,0.6932114882506527,0.6932114882506527,0,-2.48754
SOX11,activator-majority,11,4,0.1527415143603133,0.1279373368146214,1,-2.33327
SOX17,repressor-majority,45,2,0.2245430809399478,0.2245430809399478,0,-1.8990399999999998
SOX2,no default edges,88,5,0.013054830287206266,0.10261096605744127,4,-2.290736
SOX4,activator-majority,22,2,0.5267624020887729,0.5267624020887729,0,-2.247677
SOX7,activator-majority,6,1,0.12532637075718014,0.12532637075718014,0,-1.87406
SOX9,no default edges,104,2,0.17493472584856398,0.17493472584856398,0,-1.10787
SP1,activator-majority,1260,3,0.10835509138381201,0.29329852045256743,1,-1.225976
SP2,activator-majority,22,1,0.5600522193211488,0.5600522193211488,0,-2.02074
SPDEF,activator-majority,19,2,0.5411227154046998,0.5411227154046998,0,-1.270205
SPIB,activator-majority,18,1,0.35117493472584854,0.35117493472584854,0,-1.325308
SSRP1,tie / no PMID,146,1,0.5835509138381201,0.5835509138381201,0,-1.9457
STAT1,activator-majority,294,6,0.4216710182767624,0.4597476066144473,1,-1.390705
STAT2,activator-majority,49,1,0.07571801566579635,0.07571801566579635,1,-1.70754
STAT3,no default edges,425,10,0.2460835509138381,0.3822454308093995,4,-1.8587265
STAT6,activator-majority,124,2,0.627284595300261,0.627284595300261,0,-1.4974764999999999
TAL1,activator-majority,94,1,0.1475195822454308,0.1475195822454308,0,-2.05844
TCF4,activator-majority,56,1,0.7689295039164491,0.7689295039164491,0,-1.94197
TCF7L1,no default edges,6,1,0.06657963446475196,0.06657963446475196,1,-2.212681
TEAD2,no default edges,6,1,0.8002610966057441,0.8002610966057441,0,-2.60937
TEAD4,no default edges,11,2,0.38838120104438645,0.38838120104438645,1,-1.6228150000000001
TFAP2C,activator-majority,34,4,0.05483028720626632,0.0656005221932115,2,-2.0708355000000003
TFAP4,repressor-majority,37,1,0.5796344647519582,0.5796344647519582,0,-3.08766
TFDP1,no default edges,31,1,0.8929503916449086,0.8929503916449086,0,-2.45296
TFE3,activator-majority,37,1,0.0926892950391645,0.0926892950391645,1,-1.444595
TLX1,activator-majority,10,1,0.95822454308094,0.95822454308094,0,-1.99088
TOX,tie / no PMID,5,1,0.37989556135770236,0.37989556135770236,0,-1.15678
TP53,activator-majority,931,8,0.03263707571801566,0.17950391644908617,5,-2.343845
TP63,activator-majority,198,6,0.0685378590078329,0.10204525674499565,4,-1.527805
TRIM28,repressor-majority,6,1,0.5704960835509139,0.5704960835509139,0,-1.46428
TWIST2,repressor-majority,34,1,0.19451697127937337,0.19451697127937337,0,-2.501369
USF1,activator-majority,221,1,0.8120104438642297,0.8120104438642297,0,-1.84996
USF2,activator-majority,112,1,0.8877284595300261,0.8877284595300261,0,-1.99826
WT1,activator-majority,151,1,0.31592689295039167,0.31592689295039167,0,-1.11474
XBP1,activator-majority,53,2,0.2650130548302872,0.2650130548302872,1,-2.261335
YBX1,repressor-majority,91,6,0.3968668407310705,0.40100087032201914,1,-1.731355
YY1,activator-majority,252,1,0.5248041775456919,0.5248041775456919,0,-2.07726
ZBTB33,repressor-majority,11,1,0.21801566579634465,0.21801566579634465,0,-1.43836
ZFX,repressor-majority,5,2,0.5744125326370757,0.5744125326370757,0,-2.08168
ZHX2,no default edges,11,1,0.31201044386422977,0.31201044386422977,0,-1.334165
ZIC2,tie / no PMID,7,1,0.5182767624020888,0.5182767624020888,0,-3.17208
ZNF148,activator-majority,31,1,0.007832898172323759,0.007832898172323759,1,-1.32859
ZNF91,repressor-majority,48,1,0.4699738903394256,0.4699738903394256,0,-2.18049
