exp,tf,a,m,regulon_size,multi_tf
DataSet_01_006,PROX1,-1.162674596046468,-1.13977,34,False
DataSet_01_007,NR2F2,-0.24608354527782775,-1.34696,78,True
DataSet_01_008,WT1,-1.040704905869882,-1.11474,150,False
DataSet_01_010,TP53,-3.8659061992879384,-3.13745,930,True
DataSet_01_011,TP53,-0.4331983568344538,-2.43895,930,True
DataSet_01_012,FLI1,-0.9487186703485779,-1.46311,92,True
DataSet_01_013,FLI1,-3.49904221925604,-2.12989,92,True
DataSet_01_014,FLI1,-1.6791946055995877,-1.62202,92,True
DataSet_01_015,FLI1,-0.46349177413903325,-1.08896,92,True
DataSet_01_016,FLI1,-3.9714264824355996,-1.26522,92,True
DataSet_01_017,ERG,-0.4040939684210191,-2.34525,55,False
DataSet_01_018,YY1,0.8716975212972217,-2.07726,251,False
DataSet_01_021,STAT1,-4.708392997545927,-1.36,293,True
DataSet_01_025,MITF,-3.350628570506841,-1.04766,108,True
DataSet_01_026,PAX3,-0.800284388921125,-1.25574,112,True
DataSet_01_027,PAX3,-1.3403608020982631,-1.05249,112,True
DataSet_01_030,RELA,-10.624056434271395,-2.00711,539,True
DataSet_01_031,TP53,-7.625228105436369,-3.46451,930,True
DataSet_01_033,ATF3,-1.0254982428416224,-1.92622,107,True
DataSet_01_034,EGR3,-2.6139500848414317,-1.91759,32,False
DataSet_01_036,ETV1,2.696499489485223,-1.87871,21,False
DataSet_01_037,TP53,0.5671792247231392,-1.7844,930,True
DataSet_01_038,TP53,-8.053968446345179,-1.36,930,True
DataSet_01_042,POU5F1,-9.272918686323706,-2.46487,88,True
DataSet_01_044,MYB,-3.6716248647577636,-1.99639,176,True
DataSet_01_049,STAT3,-0.3952525602981082,-2.85367,424,True
DataSet_01_051,RARA,4.41126088662713,-1.27545,181,False
DataSet_01_053,TFAP2C,-4.657936477696238,-2.27423,33,True
DataSet_01_058,BACH1,-4.136383632353919,-2.42937,15,True
DataSet_01_059,BACH1,-5.2854846922431,-2.50171,15,True
DataSet_01_060,NFE2L2,-9.193611243321355,-2.87887,195,False
DataSet_01_068,TP53,-1.950714161681449,-4.44308,930,True
DataSet_01_071,ELF5,0.05344620010470794,-1.7665,10,False
DataSet_01_073,ZNF148,-3.51247010682378,-1.32859,30,False
DataSet_01_074,CEBPD,-2.502595254198955,-1.47847,93,False
DataSet_01_075,CEBPZ,-0.32457192525989137,-1.47229,18,False
DataSet_01_076,ETS1,-0.32717711085775275,-1.41362,205,True
DataSet_01_077,FOXM1,-1.1512306420448337,-1.52687,96,True
DataSet_01_078,HSF2,-0.522912588179607,-1.50714,24,False
DataSet_01_079,MITF,-0.5327988229540433,-3.45338,108,True
DataSet_01_080,RELA,-4.812052446683949,-1.02265,539,True
DataSet_01_081,SP1,-6.265829407224807,-1.20083,1259,True
DataSet_01_083,STAT1,-1.4330199637758771,-1.42141,293,True
DataSet_01_084,STAT3,-1.7851634761753967,-1.94704,424,True
DataSet_01_085,STAT6,-1.538867900047047,-1.03356,123,True
DataSet_01_086,HIF1A,-11.502933584876391,-2.143,446,True
DataSet_01_088,FOXP1,-1.055029849259936,-1.35282,32,False
DataSet_01_089,NR2F2,0.6161147022806559,-3.82418,78,True
DataSet_01_090,NR2F2,0.7048950349365369,-1.00829,78,True
DataSet_01_091,ETV6,2.605330461440924,-1.3224,27,True
DataSet_01_094,NANOG,-1.928390288857206,-1.55195,58,False
DataSet_01_095,POU5F1,-4.548698150330146,-2.36646,88,True
DataSet_01_096,SOX2,-6.612309814584895,-2.0889,87,True
DataSet_01_098,SALL4,-0.5559221937137896,-1.30794,20,True
DataSet_01_099,FOS,1.8913512262740664,-1.23434,329,False
DataSet_01_101,IRF6,0.9757879165536888,-1.60997,14,False
DataSet_01_103,HNF1B,-3.2423264262352705,-1.0585,64,False
DataSet_01_105,FOXA1,-2.7320786651280855,-1.75809,69,True
DataSet_01_112,HSF1,-0.21967834713626236,-1.08589,97,True
DataSet_01_114,ARID1A,1.0546143581985643,-1.06589,8,True
DataSet_01_117,ID1,2.540617102062704,-1.33333,76,True
DataSet_01_118,ID1,-1.2247528153420701,-2.39931,76,True
DataSet_01_121,ZIC2,0.353923311704445,-3.17208,7,False
DataSet_01_123,ZNF91,0.4124919888555491,-2.18049,48,False
DataSet_01_132,EGR4,-1.8241516919359255,-1.1066,15,False
DataSet_01_135,SPDEF,-1.157063800526525,-1.04132,18,True
DataSet_01_136,REST,-19.770385519560325,-1.42747,73,True
DataSet_01_138,IKZF1,2.5496525576878324,-1.02215,51,False
DataSet_01_142,LEF1,-1.6552978065115653,-1.61584,115,False
DataSet_01_145,REST,-14.435754171839784,-1.19468,73,True
DataSet_01_147,EHF,0.15815432738009763,-1.91277,13,False
DataSet_01_148,MYBL2,-1.952451526300114,-1.52657,50,False
DataSet_01_149,ETS2,2.5704493662465744,-1.04667,104,False
DataSet_01_150,TFAP2C,-5.920490764102591,-2.62373,33,True
DataSet_01_151,TEAD4,-2.4874593532008165,-1.66583,11,True
DataSet_01_154,STAT1,-0.4687335896950987,-1.16067,293,True
DataSet_01_155,HSF1,-2.9032905052055216,-3.16222,97,True
DataSet_01_156,HIF1A,-1.979415414331173,-2.85412,446,True
DataSet_01_162,ELK1,-0.6457732387394376,-1.74762,58,True
DataSet_01_164,JUN,-2.350865971105988,-3.11636,636,True
DataSet_01_165,MAF,-2.1578117271814223,-8.52636,61,False
DataSet_01_166,NFATC3,0.4223546621205658,-1.78257,40,False
DataSet_01_168,STAT3,-4.549244850564252,-1.77563,424,True
DataSet_01_169,HOXB7,-1.572236696623902,-3.53249,23,True
DataSet_01_170,HOXB7,2.529441931953534,-2.7728,23,True
DataSet_01_171,FOSL1,0.5780823871994804,-1.41633,50,False
DataSet_01_173,ESRRG,-0.49939378071624013,-1.14821,25,False
DataSet_01_175,TP53,-2.794541447831697,-2.24874,930,True
DataSet_01_176,NR2F2,-0.525630978886188,-2.13662,78,True
DataSet_01_177,NR2F2,-0.6067322056363397,-2.04676,78,True
DataSet_01_180,STAT3,5.695058803601778,-1.25806,424,True
DataSet_01_183,TP63,-3.468216569566007,-1.01935,197,True
DataSet_01_184,STAT3,-6.197366182668548,-2.20116,424,True
DataSet_01_185,TCF4,1.5951272526240798,-1.94197,56,False
DataSet_01_189,SPDEF,2.66389716696212,-1.49909,18,True
DataSet_01_192,AR,0.2565605744776413,-1.3753,492,True
DataSet_01_196,TP63,-1.9155121804971407,-1.31678,197,True
DataSet_01_198,TP63,-2.9281138747739512,-1.73883,197,True
DataSet_01_200,TP63,-0.5150609974897525,-1.21925,197,True
DataSet_01_203,XBP1,-0.2054609368945483,-2.69096,52,True
DataSet_01_204,XBP1,-1.4955223281248997,-1.83171,52,True
DataSet_01_211,REST,-9.657948521003648,-1.90083,73,True
DataSet_01_213,SOX11,-1.6349015523212755,-1.94653,11,True
DataSet_01_214,BCLAF1,0.24260744063845013,-1.2932,7,False
DataSet_01_217,TAL1,-0.7175718177571291,-2.05844,93,False
DataSet_01_220,HIF1A,-4.443859882170666,-1.23384,446,True
DataSet_01_222,KLF9,0.030581262177780975,-2.95993,25,False
DataSet_01_223,FOXM1,-0.4141580245216768,-3.69268,96,True
DataSet_01_224,HIF1A,-2.8211994335848547,-1.95443,446,True
DataSet_01_226,KLF2,0.25699334368411386,-1.74897,65,False
DataSet_01_228,HIF1A,-9.375048670806564,-1.68165,446,True
DataSet_01_233,FOXA1,-0.45579073242124757,-1.43603,69,True
DataSet_01_238,NFYB,-2.5534865947111443,-2.46407,40,False
DataSet_01_244,ETS1,-2.899182219617845,-2.27346,205,True
DataSet_01_246,TLX1,2.2210163019513134,-1.99088,9,False
DataSet_01_247,GATA6,-1.9047801394124944,-1.15245,83,True
DataSet_01_248,SMAD2,-1.7094127892423725,-1.43249,103,True
DataSet_01_255,YBX1,0.37094122602125235,-1.44835,90,True
DataSet_01_256,YBX1,-1.3290378798443638,-1.6777,90,True
DataSet_01_257,YBX1,1.2282353290956436,-1.3417,90,True
DataSet_01_258,YBX1,-1.0010217961666312,-1.78501,90,True
DataSet_01_260,SOX4,-0.9283402052036808,-3.22029,21,True
DataSet_01_261,NFKB2,-1.4500407879448862,-1.50026,72,False
DataSet_01_267,FOXO3,-0.26274372426089027,-1.83034,190,False
DataSet_01_269,SIX4,0.4562774140225691,-3.3989,7,False
DataSet_01_277,SALL4,-0.34690522119889183,-1.96854,20,True
DataSet_01_280,ESRRA,-0.9523552435090625,-1.91149,48,False
DataSet_01_281,MSX1,-2.83632376582897,-4.25376,25,False
DataSet_01_282,IRF7,-0.6927712803548086,-1.8021,31,False
DataSet_01_283,AHR,-3.7448999317323213,-1.92282,190,False
DataSet_01_295,TFAP4,-1.6110250617117743,-3.08766,36,False
DataSet_01_299,SOX7,-1.5811064771966907,-1.87406,6,False
DataSet_01_300,SOX17,-1.4663245990760878,-2.02528,44,True
DataSet_01_304,ETV5,5.238531205582455,-1.12304,23,False
DataSet_01_305,HOXA5,-0.4703857857425807,-1.5133,16,False
DataSet_01_306,NR2E1,-2.459130293904666,-1.10318,16,False
DataSet_01_308,SOX9,-1.321845823303932,-1.10787,103,True
DataSet_01_309,SOX9,-1.321845823303932,-1.10787,103,True
DataSet_01_312,TFAP2C,-1.0432239089549395,-1.5329,33,True
DataSet_01_318,ELK3,-0.4394734784771073,-2.82074,27,False
DataSet_01_324,MYC,-7.687303640420424,-1.68378,844,True
DataSet_01_327,TP63,-2.9453235832048352,-2.18471,197,True
DataSet_01_330,TP63,-2.9453235832048352,-2.18471,197,True
DataSet_01_332,TOX,-0.403776057034063,-1.15678,4,False
DataSet_01_333,HOXC6,-0.3806972525977203,-2.32533,12,False
DataSet_01_336,GRHL3,-0.8227100840590555,-3.45616,28,True
DataSet_01_337,REST,-16.71656137993135,-2.52843,73,True
DataSet_01_338,REST,-17.75200131917802,-2.7384,73,True
DataSet_01_339,KLF4,2.9741538177745737,-1.46365,127,False
DataSet_01_340,KLF7,0.4539234084440886,-1.53167,10,True
DataSet_01_342,KLF7,0.011245680797860137,-1.84779,10,True
DataSet_01_347,GATA3,0.9377287371169798,-1.49625,181,False
DataSet_01_348,HIF1A,-7.183176019105876,-2.45837,446,True
DataSet_01_349,SOX2,-5.136723926798866,-1.66135,87,True
DataSet_01_354,ELK1,-0.19217398278491735,-1.46354,58,True
DataSet_01_356,ETV4,2.081670717460461,-1.64145,61,False
DataSet_01_357,CDX2,0.9284121674897489,-1.29555,76,False
DataSet_01_360,SOX17,-0.6888281704768155,-1.7728,44,True
DataSet_02_015,HOXB9,-1.1057339833161905,-1.13412,6,False
DataSet_02_016,JUND,-3.089758247223674,-1.25221,103,False
DataSet_02_018,STAT2,-2.807413629027028,-1.70754,49,False
DataSet_02_023,STAT1,1.1015481579816135,-1.72967,293,True
DataSet_02_025,USF2,2.220495762938969,-1.99826,111,False
DataSet_02_026,USF1,0.7399707194219642,-1.84996,220,False
DataSet_02_032,NFE2L1,-2.404761736835429,-1.56069,8,False
DataSet_02_033,TEAD2,0.5754649055943193,-2.60937,6,False
DataSet_02_039,RELA,-7.166301634015484,-1.39551,539,True
DataSet_02_040,TEAD4,0.2921731113310757,-1.5798,11,True
DataSet_02_042,SP2,-0.2530714065169319,-2.02074,22,False
DataSet_02_048,SMAD5,-5.646553118968551,-1.81161,35,False
DataSet_02_054,ATF3,-0.8706671233402149,-1.86056,107,True
DataSet_02_055,DLX1,0.5230794975499413,-1.25001,10,False
DataSet_02_061,RFX5,-0.0064285108314602706,-1.58857,23,False
DataSet_02_063,TRIM28,-0.19160921386963886,-1.46428,6,False
DataSet_02_071,TFDP1,0.9224512772211514,-2.45296,31,False
DataSet_02_075,HMGA1,1.5021438721323221,-1.97429,72,True
DataSet_02_082,ZBTB33,-0.48852982012212176,-1.43836,11,False
DataSet_02_104,HDGF,-0.47226489897798446,-3.16823,7,False
DataSet_02_172,ZFX,1.0329974145138179,-1.76132,5,True
DataSet_02_185,CTCF,1.9938663829112473,-1.26009,136,True
DataSet_02_192,MAX,-0.4893070527641799,-1.07684,48,False
DataSet_02_206,ZFX,0.2188986864688561,-2.40204,5,True
DataSet_03_004,AR,2.0126708152908748,-1.84288,492,True
DataSet_03_005,AR,1.1589776921373933,-1.765544,492,True
DataSet_03_007,AR,-0.2758224467117826,-2.045341,492,True
DataSet_03_013,ARID1A,0.4059452537528335,-1.27036,8,True
DataSet_03_017,ATF3,0.4928538292947399,-1.260501,107,True
DataSet_03_018,ATF4,-6.549850659750964,-2.426447,120,False
DataSet_03_026,BCL6,-4.02016930280074,-1.080475,98,False
DataSet_03_049,CEBPB,-6.7540396347902245,-2.360576,443,False
DataSet_03_056,CTCF,-1.6804725472110948,-2.009543,136,True
DataSet_03_059,CTNNB1,1.1547005692331425,-3.872987,330,False
DataSet_03_060,E2F1,-2.6374927638981385,-1.801817,305,False
DataSet_03_063,E2F7,1.3859216819391942,-1.445059,7,False
DataSet_03_065,EP300,-0.3686094358460023,-1.72724,73,False
DataSet_03_073,ETS1,-3.531222654964736,-1.201786,205,True
DataSet_03_074,ETS1,-3.4279718539793174,-1.195833,205,True
DataSet_03_075,ETV6,1.6815126527744872,-2.238372,27,True
DataSet_03_078,FLI1,5.612360201658132,-1.915758,92,True
DataSet_03_080,FOXA1,-3.339478766457981,-1.392308,69,True
DataSet_03_085,FOXD1,-0.2690173040531962,-2.771563,6,False
DataSet_03_087,FOXF2,1.8214117056331676,-1.079575,12,False
DataSet_03_090,FOXM1,-5.882752316544352,-3.169468,96,True
DataSet_03_091,FOXM1,-0.8123194324598395,-2.553802,96,True
DataSet_03_093,FOXM1,-1.211010145979575,-1.980335,96,True
DataSet_03_096,FOXO1,-1.5827338717373483,-3.68757,264,False
DataSet_03_100,GATA2,-1.9183840031879067,-1.408143,96,False
DataSet_03_108,GATA6,-0.26417374972757895,-1.123892,83,True
DataSet_03_110,GATA6,-2.4465502521038984,-1.090599,83,True
DataSet_03_113,GRHL3,-0.8469353437455203,-1.841626,28,True
DataSet_03_114,HDAC3,1.0758214944490414,-1.015974,27,False
DataSet_03_116,HES6,-0.5664293145183573,-1.285988,9,True
DataSet_03_117,HES6,-0.5545253816514348,-1.006761,9,True
DataSet_03_119,HIF1A,-1.3868297303350887,-1.099027,446,True
DataSet_03_122,HINFP,0.5908192244318177,-1.047697,9,True
DataSet_03_123,HINFP,1.2471973824194542,-1.642653,9,True
DataSet_03_124,HMGA1,-1.9489690067052996,-1.659763,72,True
DataSet_03_127,HOXB7,-0.03716741987522106,-1.154571,23,True
DataSet_03_129,HSF1,-5.578359716615988,-1.158558,97,True
DataSet_03_143,JUN,-3.3300469171501628,-1.909138,636,True
DataSet_03_148,KLF5,-4.080959650725427,-1.296036,75,True
DataSet_03_149,KLF5,-1.9037258334097744,-1.755019,75,True
DataSet_03_150,KLF5,0.8308688462640976,-1.362161,75,True
DataSet_03_151,KLF5,-0.4072360611709348,-1.889237,75,True
DataSet_03_155,MAFB,-2.1081119838704256,-2.11,45,False
DataSet_03_165,MITF,-5.5771788350568094,-1.083814,108,True
DataSet_03_168,MITF,-2.5759091407363544,-1.354155,108,True
DataSet_03_173,MYB,-2.0887800086416313,-2.037667,176,True
DataSet_03_178,MYC,-7.589859518633464,-1.985984,844,True
DataSet_03_189,NCOA1,-10.96628513840362,-3.616286,89,False
DataSet_03_190,NCOA2,-7.651746485745126,-2.297202,60,False
DataSet_03_191,NCOA3,4.5962140992975185,-1.881659,73,False
DataSet_03_192,NCOR1,-0.8855365438803918,-1.994582,87,False
DataSet_03_202,NR2F2,-3.6189247873627126,-1.622046,78,True
DataSet_03_205,PARK7,-0.9813013104194267,-4.931629,7,False
DataSet_03_207,PBX1,0.8317447258144453,-1.86539,61,True
DataSet_03_208,PBX1,0.5802173035909355,-1.237863,61,True
DataSet_03_209,PBX1,0.9561688561408095,-1.123829,61,True
DataSet_03_214,PPARG,-2.523201756035437,-1.296667,342,False
DataSet_03_217,PRRX1,0.07936238467227065,-1.515082,6,False
DataSet_03_222,RELA,-6.020997496855356,-1.321429,539,True
DataSet_03_223,RELA,-7.242631965337109,-1.413095,539,True
DataSet_03_225,RELB,-0.7495244279050252,-1.64003,55,False
DataSet_03_228,REST,-17.431042075951844,-1.235054,73,True
DataSet_03_229,SATB1,-4.413994235307215,-1.656688,44,False
DataSet_03_235,SMARCA4,6.180491984730441,-2.833681,10,False
DataSet_03_236,SMARCC1,0.5645791540546473,-2.48754,8,False
DataSet_03_237,SOX11,-1.0253784476757177,-2.317003,11,True
DataSet_03_238,SOX11,-1.2198187101608942,-3.157368,11,True
DataSet_03_239,SOX11,-5.748161652078844,-2.349537,11,True
DataSet_03_241,SOX2,0.09249182941807982,-2.290736,87,True
DataSet_03_242,SOX2,-2.004076786511606,-3.135283,87,True
DataSet_03_244,SOX2,-6.711877837291957,-3.879367,87,True
DataSet_03_246,SOX4,1.4314181199457832,-1.275064,21,True
DataSet_03_249,SP1,0.8249374272234761,-1.225976,1259,True
DataSet_03_251,SP1,-1.4925953262498,-3.774837,1259,True
DataSet_03_253,SPIB,-0.5057875253787211,-1.325308,17,False
DataSet_03_255,SSRP1,0.23714800004663497,-1.9457,146,False
DataSet_03_256,STAT1,-1.7787618787664228,-1.1724,293,True
DataSet_03_258,STAT3,-4.7905313026392795,-1.738924,424,True
DataSet_03_259,STAT3,-0.07080473540879025,-1.056171,424,True
DataSet_03_260,STAT3,0.9103004710173497,-1.398193,424,True
DataSet_03_261,STAT3,-4.874516637514314,-1.941823,424,True
DataSet_03_262,STAT3,7.680256292104473,-3.033125,424,True
DataSet_03_264,STAT6,1.6027514408501524,-1.961393,123,True
DataSet_03_267,TCF7L1,-1.54736983646252,-2.212681,6,False
DataSet_03_274,TFAP2C,-1.269090566768583,-1.867441,33,True
DataSet_03_275,TFE3,-1.3148595552957856,-1.444595,36,False
DataSet_03_277,TP53,-0.8732770057611067,-1.072749,930,True
DataSet_03_284,TWIST2,-0.873998874604058,-2.501369,33,False
DataSet_03_287,ZHX2,-1.2147748806382237,-1.334165,10,False
DataSet_04_015,NKRF,-0.5009285356043265,-1.789867,9,False
DataSet_04_019,SMAD2,2.333546340477541,-1.081641,103,True
DataSet_04_020,SMAD4,-0.9694523360551986,-1.664538,136,True
DataSet_04_022,STAT1,0.9191215021023378,-1.722998,293,True
DataSet_04_024,YBX1,0.5910929730684946,-1.881032,90,True
DataSet_04_036,SMAD2,0.3526965124074933,-1.559244,103,True
DataSet_04_037,SMAD4,-1.0271633212262115,-1.404555,136,True
DataSet_04_041,YBX1,-2.4380609575514174,-2.02517,90,True
