exp,tf,study,cell,own_logfc,in_filtered_279,masked_frac,masked_sym_frac,base_rate10,base_rate10_sym,n_within_study_mates,n_same_cell_other_study_mates,in_106
DataSet_01_001,ESR1,GSE10061,MCF7,-0.71385,False,0.41383812010443866,0.674934725848564,0.16981132075471697,0.14428412874583796,0,102,False
DataSet_01_002,HNF1A,GSE103128,HuH7,0.16428,False,0.0013054830287206266,0.0013054830287206266,0.1545253863134658,0.17108167770419427,0,1,False
DataSet_01_003,MLXIP,GSE11242,HA1ER,0.26215,False,0.6827676240208878,0.6814621409921671,0.11933701657458563,0.13701657458563535,0,0,False
DataSet_01_004,CREB1,GSE12056,K562,-0.95018,False,0.34986945169712796,0.2258485639686684,0.12777777777777777,0.13111111111111112,0,186,False
DataSet_01_005,POU5F1,GSE12320,GBS6,0.0,False,0.6462140992167101,0.6148825065274152,0.1581858407079646,0.17035398230088494,0,0,False
DataSet_01_006,PROX1,GSE12846,Primary lymphatic endothelial cells,-1.13977,True,0.16057441253263707,0.2349869451697128,0.0706401766004415,0.0640176600441501,1,0,False
DataSet_01_007,NR2F2,GSE12846,Primary lymphatic endothelial cells,-1.34696,True,0.32114882506527415,0.21279373368146215,0.08888888888888889,0.09777777777777778,1,0,False
DataSet_01_008,WT1,GSE12886,PLC/PRF/5,-1.11474,True,0.31592689295039167,0.29765013054830286,0.10386740331491713,0.09944751381215469,0,0,False
DataSet_01_009,BCL11A,GSE13284,CD34-derived erythroid progenitors,-0.10769,False,0.6331592689295039,0.6148825065274152,0.09050772626931568,0.09933774834437085,0,2,False
DataSet_01_010,TP53,GSE13334,iPS cells,-3.13745,True,0.007832898172323759,0.01174934725848564,0.1318435754189944,0.1329608938547486,0,0,False
DataSet_01_011,TP53,GSE13991,U251,-2.43895,True,0.2989556135770235,0.4960835509138381,0.1318435754189944,0.1329608938547486,0,2,False
DataSet_01_012,FLI1,GSE14543,WE68,-1.46311,True,0.1866840731070496,0.24151436031331594,0.10099889012208657,0.09100998890122086,0,0,False
DataSet_01_013,FLI1,GSE14543,SK-N-MC,-2.12989,True,0.030026109660574413,0.05613577023498695,0.10099889012208657,0.09100998890122086,0,1,False
DataSet_01_014,FLI1,GSE14543,TC252,-1.62202,True,0.14490861618798956,0.20887728459530025,0.10099889012208657,0.09100998890122086,0,0,False
DataSet_01_015,FLI1,GSE14543,STA-ET-1,-1.08896,True,0.24673629242819844,0.43733681462140994,0.10099889012208657,0.09100998890122086,0,0,False
DataSet_01_016,FLI1,GSE14543,STA-ET-7.2,-1.26522,True,0.0195822454308094,0.031331592689295036,0.10099889012208657,0.09100998890122086,0,0,False
DataSet_01_017,ERG,GSE14801,HUVEC,-2.34525,True,0.26631853785900783,0.18798955613577023,0.09966777408637874,0.10188261351052048,0,10,False
DataSet_01_018,YY1,GSE14964,HeLa,-2.07726,True,0.5261096605744126,0.5574412532637075,0.09492273730684327,0.10706401766004416,1,8,True
DataSet_01_021,STAT1,GSE15845,SCC61,-1.36,True,0.014360313315926894,0.020887728459530026,0.18555555555555556,0.16777777777777778,0,0,False
DataSet_01_022,RUNX1,GSE16238,HTB58,0.0,False,0.2819843342036554,0.25326370757180156,0.0757238307349666,0.08240534521158129,0,0,False
DataSet_01_023,RUNX1,GSE16238,TF-1,0.0,False,0.7780678851174935,0.5156657963446475,0.0757238307349666,0.08240534521158129,0,0,False
DataSet_01_024,MITF,GSE16249,NZM15,-0.91966,False,0.015665796344647518,0.013054830287206266,0.08351893095768374,0.09020044543429843,2,0,False
DataSet_01_025,MITF,GSE16249,NZM12,-1.04766,True,0.006527415143603133,0.01174934725848564,0.08351893095768374,0.09020044543429843,2,0,False
DataSet_01_026,PAX3,GSE16249,NZM15,-1.25574,True,0.20365535248041775,0.12532637075718014,0.11406423034330011,0.11406423034330011,2,0,False
DataSet_01_027,PAX3,GSE16249,NZM12,-1.05249,True,0.19712793733681463,0.1475195822454308,0.11406423034330011,0.11406423034330011,2,0,False
DataSet_01_028,ERG,GSE16671,VCaP,0.11648,False,0.5744125326370757,0.3289817232375979,0.09966777408637874,0.10188261351052048,0,5,False
DataSet_01_030,RELA,GSE1676,HEK293,-2.00711,True,0.0026109660574412533,0.0026109660574412533,0.21087680355160932,0.1864594894561598,2,3,True
DataSet_01_031,TP53,GSE1676,HEK293,-3.46451,True,0.020887728459530026,0.0195822454308094,0.1318435754189944,0.1329608938547486,2,3,True
DataSet_01_032,STAT6,GSE17851,CD4+ T cells,0.0,False,0.010443864229765013,0.02349869451697128,0.0975609756097561,0.0942350332594235,0,10,False
DataSet_01_033,ATF3,GSE18457,HCT116,-1.92622,True,0.14490861618798956,0.2650130548302872,0.08970099667774087,0.09966777408637874,0,5,False
DataSet_01_034,EGR3,GSE18913,HUVEC,-1.91759,True,0.04960835509138381,0.02349869451697128,0.1138121546961326,0.14806629834254142,0,10,False
DataSet_01_035,ETV1,GSE19396,GIST882,-0.99858,False,0.8080939947780679,0.9060052219321149,0.04983388704318937,0.04983388704318937,0,0,False
DataSet_01_036,ETV1,GSE19396,GIST48,-1.87871,True,0.9804177545691906,0.9660574412532638,0.04983388704318937,0.04983388704318937,0,0,False
DataSet_01_037,TP53,GSE19670,SKBR3,-1.7844,True,0.7663185378590078,0.7676240208877284,0.1318435754189944,0.1329608938547486,0,1,False
DataSet_01_038,TP53,GSE20076,BJ,-1.36,True,0.0013054830287206266,0.0013054830287206266,0.1318435754189944,0.1329608938547486,0,0,False
DataSet_01_039,TP63,GSE20286,MCF10A,-0.44181,False,0.2245430809399478,0.1906005221932115,0.14719101123595504,0.14157303370786517,0,4,False
DataSet_01_040,TAL1,GSE20544,JURKAT,-0.48333,False,0.4046997389033943,0.42950391644908614,0.0876803551609323,0.08324084350721421,0,5,False
DataSet_01_041,TAL1,GSE20545,CD34+,-0.90191,False,0.3968668407310705,0.26240208877284593,0.0876803551609323,0.08324084350721421,0,0,False
DataSet_01_042,POU5F1,GSE21135,H1-hESC,-2.46487,True,0.0013054830287206266,0.0013054830287206266,0.1581858407079646,0.17035398230088494,0,4,False
DataSet_01_044,MYB,GSE21943,Primary CD14-myeloblasts,-1.99639,True,0.031331592689295036,0.024804177545691905,0.15478841870824053,0.14699331848552338,0,0,False
DataSet_01_046,SOX2,GSE23838,LN229,0.0,False,0.9895561357702349,0.9647519582245431,0.07700892857142858,0.07700892857142858,0,0,False
DataSet_01_047,RUNX1,GSE24778,K562,0.0,False,0.03263707571801567,0.04177545691906005,0.0757238307349666,0.08240534521158129,0,186,False
DataSet_01_048,MYB,GSE25678,CD34-derived erythroid progenitors,-0.94457,False,0.9543080939947781,0.95822454308094,0.15478841870824053,0.14699331848552338,0,2,False
DataSet_01_049,STAT3,GSE25867,DU145,-2.85367,True,0.3263707571801567,0.3472584856396867,0.16201117318435754,0.1441340782122905,0,2,False
DataSet_01_050,STAT6,GSE25942,NCI-H460,-0.75666,False,0.11618798955613577,0.1514360313315927,0.0975609756097561,0.0942350332594235,0,0,False
DataSet_01_051,RARA,GSE26298,MCF7,-1.27545,True,0.9947780678851175,0.9934725848563969,0.08287292817679558,0.10607734806629834,0,104,False
DataSet_01_052,NR5A1,GSE26529,NCI-H295R,-0.1285,False,0.009138381201044387,0.005221932114882507,0.0640176600441501,0.0673289183222958,0,0,False
DataSet_01_053,TFAP2C,GSE26740,MCF7,-2.27423,True,0.0039164490861618795,0.07441253263707572,0.10852713178294573,0.08748615725359911,0,103,False
DataSet_01_054,PITX2,GSE27275,TM1,-0.04471,False,0.13054830287206268,0.13577023498694518,0.07734806629834254,0.08287292817679558,0,0,False
DataSet_01_055,PITX2,GSE27275,TM2,0.06962,False,0.020887728459530026,0.0039164490861618795,0.07734806629834254,0.08287292817679558,0,0,False
DataSet_01_056,ZEB2,GSE27966,MDA-MB231,-0.73327,False,0.6671018276762402,0.5913838120104439,0.08176795580110498,0.09281767955801105,0,6,False
DataSet_01_057,ZEB2,GSE27966,MDA-MB231,-0.83803,False,0.0391644908616188,0.015665796344647518,0.08176795580110498,0.09281767955801105,0,6,False
DataSet_01_058,BACH1,GSE28050,HEK293T,-2.42937,True,0.0013054830287206266,0.0026109660574412533,0.17940199335548174,0.2059800664451827,0,0,False
DataSet_01_059,BACH1,GSE28050,HEK293T,-2.50171,True,0.0013054830287206266,0.0013054830287206266,0.17940199335548174,0.2059800664451827,0,0,False
DataSet_01_060,NFE2L2,GSE28230,A549,-2.87887,True,0.0026109660574412533,0.0026109660574412533,0.1847345132743363,0.20243362831858408,0,6,False
DataSet_01_061,GATA2,GSE28304,HMVEC,-0.52569,False,0.6370757180156658,0.6566579634464752,0.06319290465631928,0.05321507760532151,0,0,False
DataSet_01_062,RUNX2,GSE28414,MCF7VP,-0.33534,False,0.9347258485639687,0.9464751958224543,0.15248618784530388,0.16464088397790055,0,0,False
DataSet_01_063,YBX1,GSE28433,A549,0.0,False,0.0926892950391645,0.048302872062663184,0.10479375696767002,0.09810479375696766,0,7,False
DataSet_01_064,YBX1,GSE28433,MCF7,0.0,False,0.17362924281984335,0.16579634464751958,0.10479375696767002,0.09810479375696766,0,105,False
DataSet_01_065,YBX1,GSE28433,HCT116,0.0,False,0.2819843342036554,0.12663185378590078,0.10479375696767002,0.09810479375696766,0,6,False
DataSet_01_066,NKX2-1,GSE28480,HCC4019,-0.9115,False,0.04699738903394256,0.04960835509138381,0.08950276243093923,0.09392265193370165,0,0,False
DataSet_01_067,NKX2-1,GSE28480,H3255,-0.7139,False,0.07441253263707572,0.0639686684073107,0.08950276243093923,0.09392265193370165,0,0,False
DataSet_01_068,TP53,GSE28546,Mesenchymal stem cells,-4.44308,True,0.044386422976501305,0.037859007832898174,0.1318435754189944,0.1329608938547486,0,0,False
DataSet_01_069,SNAI1,GSE28558,A549,-0.05458,False,0.7532637075718016,0.5848563968668408,0.05849889624724062,0.076158940397351,0,7,False
DataSet_01_071,ELF5,GSE30405,HCC1937,-1.7665,True,0.4216710182767624,0.2258485639686684,0.08719646799116998,0.0739514348785872,0,0,False
DataSet_01_072,PAX2,GSE30501,TOV21G,-0.65385,False,0.3433420365535248,0.27154046997389036,0.0640176600441501,0.0695364238410596,0,0,False
DataSet_01_073,ZNF148,GSE31092,CD34-derived erythroid progenitors,-1.32859,True,0.007832898172323759,0.016971279373368148,0.06070640176600441,0.04856512141280353,0,2,False
DataSet_01_074,CEBPD,GSE31534,A375,-1.47847,True,0.12532637075718014,0.21018276762402088,0.1569060773480663,0.15469613259668508,11,3,True
DataSet_01_075,CEBPZ,GSE31534,A375,-1.47229,True,0.5221932114882507,0.3681462140992167,0.07751937984496124,0.08637873754152824,11,3,True
DataSet_01_076,ETS1,GSE31534,A375,-1.41362,True,0.5313315926892951,0.6736292428198434,0.15725359911406422,0.15725359911406422,11,3,True
DataSet_01_077,FOXM1,GSE31534,A375,-1.52687,True,0.3877284595300261,0.2193211488250653,0.15350389321468297,0.12013348164627363,11,3,True
DataSet_01_078,HSF2,GSE31534,A375,-1.50714,True,0.28720626631853785,0.34595300261096606,0.10287610619469026,0.10730088495575221,11,3,True
DataSet_01_079,MITF,GSE31534,A375,-3.45338,True,0.3720626631853786,0.5835509138381201,0.08351893095768374,0.09020044543429843,11,3,True
DataSet_01_080,RELA,GSE31534,A375,-1.02265,True,0.04046997389033943,0.03524804177545692,0.21087680355160932,0.1864594894561598,11,3,True
DataSet_01_081,SP1,GSE31534,A375,-1.20083,True,0.0013054830287206266,0.0013054830287206266,0.26496674057649666,0.26718403547671843,11,3,True
DataSet_01_083,STAT1,GSE31534,A375,-1.42141,True,0.35900783289817234,0.39033942558746737,0.18555555555555556,0.16777777777777778,11,3,True
DataSet_01_084,STAT3,GSE31534,A375,-1.94704,True,0.1618798955613577,0.3577023498694517,0.16201117318435754,0.1441340782122905,11,3,True
DataSet_01_085,STAT6,GSE31534,A375,-1.03356,True,0.3224543080939948,0.3263707571801567,0.0975609756097561,0.0942350332594235,11,3,True
DataSet_01_086,HIF1A,GSE3188,MCF7,-2.143,True,0.0013054830287206266,0.0013054830287206266,0.19577308120133483,0.19799777530589543,0,103,False
DataSet_01_087,HIF1A,GSE3188,MCF7,-0.54765,False,0.0013054830287206266,0.0013054830287206266,0.19577308120133483,0.19799777530589543,0,103,False
DataSet_01_088,FOXP1,GSE32968,HUVEC,-1.35282,True,0.16840731070496084,0.13185378590078328,0.08657047724750278,0.10543840177580466,0,10,False
DataSet_01_089,NR2F2,GSE33182,PC3,-3.82418,True,0.6932114882506527,0.741514360313316,0.08888888888888889,0.09777777777777778,0,5,False
DataSet_01_090,NR2F2,GSE33301,HUVEC,-1.00829,True,0.5469973890339426,0.5913838120104439,0.08888888888888889,0.09777777777777778,0,10,False
DataSet_01_091,ETV6,GSE33820,LOUCY,-1.3224,True,0.9765013054830287,0.9660574412532638,0.07403314917127071,0.08176795580110498,0,0,False
DataSet_01_092,MLXIP,GSE33967,Nalm6,-0.02543,False,0.6892950391644909,0.685378590078329,0.11933701657458563,0.13701657458563535,0,1,False
DataSet_01_093,RUNX1,GSE34594,SKNO-1,-0.25424,False,0.9895561357702349,0.9856396866840731,0.0757238307349666,0.08240534521158129,0,0,False
DataSet_01_094,NANOG,GSE34904,H1-hESC,-1.55195,True,0.20757180156657964,0.16840731070496084,0.10375275938189846,0.10927152317880795,2,3,True
DataSet_01_095,POU5F1,GSE34904,H1-hESC,-2.36646,True,0.010443864229765013,0.016971279373368148,0.1581858407079646,0.17035398230088494,2,2,True
DataSet_01_096,SOX2,GSE34904,H1-hESC,-2.0889,True,0.0026109660574412533,0.0026109660574412533,0.07700892857142858,0.07700892857142858,2,2,True
DataSet_01_097,SOX2,GSE34918,H1-hESC,0.69207,False,0.943864229765013,0.922976501305483,0.07700892857142858,0.07700892857142858,0,4,False
DataSet_01_098,SALL4,GSE35965,SNU398,-1.30794,True,0.26240208877284593,0.4621409921671018,0.057458563535911604,0.06850828729281767,0,0,False
DataSet_01_099,FOS,GSE36586,MCF7,-1.23434,True,0.8681462140992167,0.9281984334203656,0.14917127071823205,0.143646408839779,0,104,False
DataSet_01_100,IRF2,GSE36988,Primary CD34+ hematopoietic stem/progenitor cells (HSPCs),-0.49995,False,0.8237597911227154,0.8785900783289817,0.13245033112582782,0.13245033112582782,2,0,False
DataSet_01_101,IRF6,GSE36988,Primary CD34+ hematopoietic stem/progenitor cells (HSPCs),-1.60997,True,0.5469973890339426,0.7702349869451697,0.07505518763796909,0.05187637969094923,2,0,False
DataSet_01_102,MYB,GSE36988,Primary CD34+ hematopoietic stem/progenitor cells (HSPCs),-0.73791,False,0.9647519582245431,0.9673629242819843,0.15478841870824053,0.14699331848552338,2,0,False
DataSet_01_103,HNF1B,GSE37290,RMG2,-1.0585,True,0.020887728459530026,0.010443864229765013,0.09381898454746136,0.11147902869757174,0,0,False
DataSet_01_104,FOXA1,GSE37314,LNCaP,-0.87875,False,0.27154046997389036,0.14490861618798956,0.1388888888888889,0.12333333333333334,0,33,False
DataSet_01_105,FOXA1,GSE37314,22RV1,-1.75809,True,0.04960835509138381,0.0587467362924282,0.1388888888888889,0.12333333333333334,0,1,False
DataSet_01_106,FOXO1,GSE37409,EWS-FLI1,-0.885,False,0.9660574412532638,0.9634464751958225,0.11444444444444445,0.11,0,0,False
DataSet_01_107,SPDEF,GSE37662,MCF7,0.70523,False,0.3968668407310705,0.45822454308093996,0.11836283185840708,0.10619469026548672,0,103,False
DataSet_01_108,ARID1A,GSE37684,OSE4,-0.11945,False,0.04960835509138381,0.14360313315926893,0.07547169811320754,0.07880133185349611,0,0,False
DataSet_01_109,ARID1A,GSE37684,IOSE80pc,-0.1374,False,0.005221932114882507,0.13577023498694518,0.07547169811320754,0.07880133185349611,0,0,False
DataSet_01_110,HOXA1,GSE37690,IMR90,0.0,False,0.293733681462141,0.35900783289817234,0.09271523178807947,0.08830022075055188,0,0,False
DataSet_01_111,ESR1,GSE37820,MCF7,-0.37329,False,0.0039164490861618795,0.0013054830287206266,0.16981132075471697,0.14428412874583796,0,102,False
DataSet_01_112,HSF1,GSE38058,HSC3,-1.08589,True,0.381201044386423,0.3733681462140992,0.1309655937846837,0.12985571587125416,0,1,False
DataSet_01_113,GABPA,GSE38332,A549,-0.20155,False,0.2245430809399478,0.37989556135770236,0.08075221238938053,0.06858407079646017,0,7,False
DataSet_01_114,ARID1A,GSE38380,OE33,-1.06589,True,0.7898172323759791,0.8511749347258486,0.07547169811320754,0.07880133185349611,0,1,False
DataSet_01_115,ESRRA,GSE38690,HCT116,-0.22577,False,0.4621409921671018,0.5443864229765013,0.07743362831858407,0.06858407079646017,0,6,False
DataSet_01_116,TCF3,GSE38893,MDA-MB468,-0.14649,False,0.7597911227154047,0.8720626631853786,0.10044150110375276,0.08719646799116998,0,0,False
DataSet_01_117,ID1,GSE38944,A549,-1.33333,True,0.8211488250652742,0.7911227154046997,0.09534368070953436,0.07427937915742794,0,7,False
DataSet_01_118,ID1,GSE38944,H1650,-2.39931,True,0.16579634464751958,0.17232375979112272,0.09534368070953436,0.07427937915742794,0,0,False
DataSet_01_119,BRD4,GSE39580,HEK293,-0.06175,False,0.46475195822454307,0.31592689295039167,0.10386740331491713,0.11160220994475138,0,5,False
DataSet_01_120,GATA3,GSE39623,MCF7,-0.81029,False,0.46475195822454307,0.6984334203655352,0.07982261640798226,0.06541019955654102,0,103,False
DataSet_01_121,ZIC2,GSE39704,PANC1,-3.17208,True,0.5169712793733682,0.5796344647519582,0.0717439293598234,0.05849889624724062,0,2,False
DataSet_01_122,FOXM1,GSE40051,U87,-0.17816,False,0.9046997389033943,0.9099216710182768,0.15350389321468297,0.12013348164627363,0,2,False
DataSet_01_123,ZNF91,GSE40080,GIST-T1,-2.18049,True,0.4699738903394256,0.6631853785900783,0.04525386313465784,0.04194260485651214,7,0,False
DataSet_01_131,NFYA,GSE40215,HeLaS3,-0.17698,False,0.30809399477806787,0.25718015665796345,0.17849223946784923,0.19401330376940132,0,0,False
DataSet_01_132,EGR4,GSE40558,SBC-5,-1.1066,True,0.05221932114882506,0.05483028720626632,0.06070640176600441,0.056291390728476824,0,0,False
DataSet_01_133,ID1,GSE40614,GSC2,0.88554,False,0.7402088772845953,0.762402088772846,0.09534368070953436,0.07427937915742794,0,0,False
DataSet_01_134,ID1,GSE40614,GSC8,1.11922,False,0.7989556135770235,0.7023498694516971,0.09534368070953436,0.07427937915742794,0,0,False
DataSet_01_135,SPDEF,GSE40985,MCF7,-1.04132,True,0.1514360313315927,0.13838120104438642,0.11836283185840708,0.10619469026548672,0,103,False
DataSet_01_136,REST,GSE41386,Smooth muscle cells,-1.42747,True,0.0013054830287206266,0.0013054830287206266,0.24750277469478357,0.2730299667036626,0,0,False
DataSet_01_137,IKZF2,GSE41796,JURKAT,-0.3455,False,0.5992167101827677,0.6788511749347258,0.05518763796909492,0.0684326710816777,1,4,True
DataSet_01_138,IKZF1,GSE41796,JURKAT,-1.02215,True,0.9673629242819843,0.9960835509138382,0.11699779249448124,0.11037527593818984,1,4,True
DataSet_01_140,SOX4,GSE4225,ACC3,-0.05594,False,0.6514360313315927,0.6827676240208878,0.07419712070874862,0.07198228128460686,0,0,False
DataSet_01_141,NR3C1,GSE42538,Endometrial stromal cells,-0.0275,False,0.29112271540469975,0.2506527415143603,0.11258278145695365,0.12251655629139073,0,2,False
DataSet_01_142,LEF1,GSE42637,BL2,-1.61584,True,0.10966057441253264,0.13577023498694518,0.18101545253863136,0.15894039735099338,0,1,False
DataSet_01_143,GLI2,GSE42903,U2OS,-0.36754,False,0.5313315926892951,0.5104438642297651,0.22958057395143489,0.23399558498896247,0,3,False
DataSet_01_144,ZFX,GSE43021,NOMO-1,-0.53612,False,0.43994778067885115,0.4765013054830287,0.07087486157253599,0.09634551495016612,0,0,False
DataSet_01_145,REST,GSE43033,H295R/TR,-1.19468,True,0.0013054830287206266,0.0013054830287206266,0.24750277469478357,0.2730299667036626,1,0,False
DataSet_01_146,SF1,GSE43033,H295R/TR,0.00378,False,0.0013054830287206266,0.0013054830287206266,0.036464088397790057,0.03867403314917127,2,0,False
DataSet_01_147,EHF,GSE43157,Corneal epithelial cells,-1.91277,True,0.391644908616188,0.33159268929503916,0.09933774834437085,0.12141280353200883,0,1,False
DataSet_01_148,MYBL2,GSE43400,CD34+ BM cells,-1.52657,True,0.19973890339425587,0.2963446475195822,0.1712707182320442,0.11712707182320442,0,0,False
DataSet_01_149,ETS2,GSE43459,H441,-1.04667,True,0.9569190600522193,0.95822454308094,0.10154525386313466,0.10485651214128035,0,0,False
DataSet_01_150,TFAP2C,GSE44203,MCF7,-2.62373,True,0.009138381201044387,0.1671018276762402,0.10852713178294573,0.08748615725359911,0,103,False
DataSet_01_151,TEAD4,GSE44383,SNU216,-1.66583,True,0.03524804177545692,0.013054830287206266,0.06740331491712707,0.07734806629834254,0,0,False
DataSet_01_152,TAL1,GSE44444,ECFCs,-0.81859,False,0.5822454308093995,0.695822454308094,0.0876803551609323,0.08324084350721421,0,0,False
DataSet_01_154,STAT1,GSE44652,JURKAT,-1.16067,True,0.48433420365535246,0.5652741514360313,0.18555555555555556,0.16777777777777778,0,5,False
DataSet_01_155,HSF1,GSE44867,A375,-3.16222,True,0.02610966057441253,0.013054830287206266,0.1309655937846837,0.12985571587125416,0,14,False
DataSet_01_156,HIF1A,GSE44943,HepG2,-2.85412,True,0.031331592689295036,0.02349869451697128,0.19577308120133483,0.19799777530589543,0,69,False
DataSet_01_157,ZFX,GSE45265,DAOY,-0.78428,False,0.2154046997389034,0.1919060052219321,0.07087486157253599,0.09634551495016612,0,0,False
DataSet_01_158,HMGA1,GSE45483,MDA-MB231,-0.49659,False,0.1801566579634465,0.13838120104438642,0.14380530973451328,0.168141592920354,0,7,False
DataSet_01_159,RUNX1,GSE45743,Kasumi-1,-0.07765,False,0.7989556135770235,0.6566579634464752,0.0757238307349666,0.08240534521158129,0,0,False
DataSet_01_160,MYCN,GSE45967,SKNBE2,-0.77346,False,0.018276762402088774,0.022193211488250653,0.23136818687430477,0.22246941045606228,2,0,False
DataSet_01_161,ETV1,GSE46329,LNCaP,-0.20792,False,0.018276762402088774,0.013054830287206266,0.04983388704318937,0.04983388704318937,0,34,False
DataSet_01_162,ELK1,GSE46333,CD4+ T cells,-1.74762,True,0.2950391644908616,0.6579634464751958,0.15248618784530388,0.12154696132596685,6,4,True
DataSet_01_163,GATA3,GSE46333,CD4+ T cells,0.35299,False,0.10443864229765012,0.1122715404699739,0.07982261640798226,0.06541019955654102,6,4,True
DataSet_01_164,JUN,GSE46333,CD4+ T cells,-3.11636,True,0.028720626631853787,0.022193211488250653,0.2335928809788654,0.22914349276974416,6,4,True
DataSet_01_165,MAF,GSE46333,CD4+ T cells,-8.52636,True,0.04699738903394256,0.057441253263707574,0.06740331491712707,0.0718232044198895,6,4,True
DataSet_01_166,NFATC3,GSE46333,CD4+ T cells,-1.78257,True,0.6932114882506527,0.8733681462140992,0.10596026490066225,0.10596026490066225,6,4,True
DataSet_01_167,NFKB1,GSE46333,CD4+ T cells,-0.44289,False,0.3368146214099217,0.29765013054830286,0.2334070796460177,0.2323008849557522,6,4,True
DataSet_01_168,STAT3,GSE46333,CD4+ T cells,-1.77563,True,0.0026109660574412533,0.0039164490861618795,0.16201117318435754,0.1441340782122905,6,4,True
DataSet_01_169,HOXB7,GSE46393,MIA PaCa-2,-3.53249,True,0.10704960835509138,0.06135770234986945,0.08960176991150443,0.1084070796460177,0,0,False
DataSet_01_170,HOXB7,GSE46393,Capan-1,-2.7728,True,0.9647519582245431,0.9621409921671018,0.08960176991150443,0.1084070796460177,0,0,False
DataSet_01_171,FOSL1,GSE46440,BT549,-1.41633,True,0.5195822454308094,0.6906005221932114,0.08719646799116998,0.09161147902869757,1,2,True
DataSet_01_172,JUN,GSE46440,BT549,-0.77807,False,0.8629242819843342,0.7297650130548303,0.2335928809788654,0.22914349276974416,1,1,True
DataSet_01_173,ESRRG,GSE46463,Trophoblast cells,-1.14821,True,0.26762402088772846,0.26762402088772846,0.04966887417218543,0.06181015452538632,0,0,False
DataSet_01_174,NR4A1,GSE46994,PANC1,-0.00111,False,0.6971279373368147,0.779373368146214,0.06740331491712707,0.08508287292817679,0,2,False
DataSet_01_175,TP53,GSE47436,SAECs,-2.24874,True,0.005221932114882507,0.0039164490861618795,0.1318435754189944,0.1329608938547486,0,0,False
DataSet_01_176,NR2F2,GSE47438,TOV112D,-2.13662,True,0.283289817232376,0.18929503916449086,0.08888888888888889,0.09777777777777778,0,0,False
DataSet_01_177,NR2F2,GSE47438,ES2,-2.04676,True,0.3342036553524804,0.2193211488250653,0.08888888888888889,0.09777777777777778,0,0,False
DataSet_01_178,HSF1,GSE47693,KYN2,-0.79593,False,0.4621409921671018,0.17101827676240208,0.1309655937846837,0.12985571587125416,0,0,False
DataSet_01_179,ETV1,GSE47750,LNCaP,-0.20308,False,0.2154046997389034,0.1618798955613577,0.04983388704318937,0.04983388704318937,0,34,False
DataSet_01_180,STAT3,GSE47763,OE21,-1.25806,True,0.9725848563968669,0.9647519582245431,0.16201117318435754,0.1441340782122905,0,0,False
DataSet_01_181,STAT3,GSE47763,OE33,-0.43176,False,0.3720626631853786,0.6879895561357703,0.16201117318435754,0.1441340782122905,0,1,False
DataSet_01_182,NR5A2,GSE47803,MCF7,-0.49334,False,0.7362924281984334,0.8368146214099217,0.10927152317880795,0.12362030905077263,0,105,False
DataSet_01_183,TP63,GSE48124,UC14,-1.01935,True,0.04308093994778068,0.020887728459530026,0.14719101123595504,0.14157303370786517,1,0,False
DataSet_01_184,STAT3,GSE48124,Scaber,-2.20116,True,0.006527415143603133,0.006527415143603133,0.16201117318435754,0.1441340782122905,1,0,False
DataSet_01_185,TCF4,GSE48367,SH-SY5Y,-1.94197,True,0.7689295039164491,0.8172323759791122,0.0861878453038674,0.07734806629834254,0,0,False
DataSet_01_186,HSF1,GSE48672,PC3,-0.02676,False,0.6684073107049608,0.7976501305483029,0.1309655937846837,0.12985571587125416,1,4,True
DataSet_01_187,HSF2,GSE48672,PC3,-0.12857,False,0.7767624020887729,0.7898172323759791,0.10287610619469026,0.10730088495575221,1,4,True
DataSet_01_188,PGR,GSE48853,Endometrial stromal cells,-0.26924,False,0.8302872062663186,0.6971279373368147,0.08719646799116998,0.11810154525386314,0,2,False
DataSet_01_189,SPDEF,GSE48928,MCF7,-1.49909,True,0.9308093994778068,0.95822454308094,0.11836283185840708,0.10619469026548672,0,103,False
DataSet_01_190,GABPA,GSE49083,C4-2B,9.87959,False,0.9765013054830287,0.9751958224543081,0.08075221238938053,0.06858407079646017,0,1,False
DataSet_01_191,GABPA,GSE49083,LNCaP,9.4972,False,0.9778067885117493,0.97911227154047,0.08075221238938053,0.06858407079646017,0,35,False
DataSet_01_192,AR,GSE49196,R1-D567,-1.3753,True,0.4386422976501306,0.43342036553524804,0.15959821428571427,0.16964285714285715,0,0,False
DataSet_01_193,GATA2,GSE49342,LNCaP,0.68119,False,0.21409921671018275,0.2950391644908616,0.06319290465631928,0.05321507760532151,0,35,False
DataSet_01_194,CREB1,GSE49673,H3118 MEC,-0.04391,False,0.20496083550913838,0.21801566579634465,0.12777777777777777,0.13111111111111112,0,0,False
DataSet_01_195,CREB1,GSE49673,HSY,-0.15104,False,0.5091383812010444,0.48825065274151436,0.12777777777777777,0.13111111111111112,0,0,False
DataSet_01_196,TP63,GSE4975,HaCaT RG,-1.31678,True,0.1279373368146214,0.11618798955613577,0.14719101123595504,0.14157303370786517,0,0,False
DataSet_01_197,TP63,GSE4975,HaCaT RG,0.0,False,0.10835509138381201,0.07180156657963446,0.14719101123595504,0.14157303370786517,0,0,False
DataSet_01_198,TP63,GSE4975,SCC-1,-1.73883,True,0.09399477806788512,0.08485639686684072,0.14719101123595504,0.14157303370786517,0,0,False
DataSet_01_199,TP63,GSE4975,SCC-1,0.0,False,0.47911227154047,0.7715404699738904,0.14719101123595504,0.14157303370786517,0,0,False
DataSet_01_200,TP63,GSE4975,HaCaT,-1.21925,True,0.2793733681462141,0.6227154046997389,0.14719101123595504,0.14157303370786517,0,1,False
DataSet_01_201,TP63,GSE4975,SCC-012,-0.69051,False,0.009138381201044387,0.007832898172323759,0.14719101123595504,0.14157303370786517,0,0,False
DataSet_01_202,TP63,GSE4975,SCC-6,-0.75747,False,0.0587467362924282,0.048302872062663184,0.14719101123595504,0.14157303370786517,0,0,False
DataSet_01_203,XBP1,GSE49953,T47D,-2.69096,True,0.45822454308093996,0.2898172323759791,0.112707182320442,0.11712707182320442,0,0,False
DataSet_01_204,XBP1,GSE49953,MDA-MB231,-1.83171,True,0.07180156657963446,0.013054830287206266,0.112707182320442,0.11712707182320442,0,7,False
DataSet_01_205,HIC1,GSE50061,HBL100,0.42471,False,1.0,0.9986945169712794,0.13922651933701657,0.1580110497237569,0,0,False
DataSet_01_206,ATF2,GSE50165,K562,0.03513,False,0.7754569190600522,0.5313315926892951,0.17770419426048564,0.16114790286975716,0,186,False
DataSet_01_207,MITF,GSE50649,COLO829,-0.84891,False,0.010443864229765013,0.013054830287206266,0.08351893095768374,0.09020044543429843,0,0,False
DataSet_01_208,FOXP1,GSE51382,OCI-Ly10,-0.88367,False,0.6840731070496083,0.695822454308094,0.08657047724750278,0.10543840177580466,0,0,False
DataSet_01_209,FOXP1,GSE51382,OCI-Ly1,-0.91617,False,0.048302872062663184,0.07702349869451697,0.08657047724750278,0.10543840177580466,0,0,False
DataSet_01_210,FOXP1,GSE51382,OCI-Ly7,-0.51081,False,0.6148825065274152,0.6579634464751958,0.08657047724750278,0.10543840177580466,0,0,False
DataSet_01_211,REST,GSE51461,LNCaP,-1.90083,True,0.0013054830287206266,0.0013054830287206266,0.24750277469478357,0.2730299667036626,0,35,False
DataSet_01_212,EGR3,GSE52108,M12,0.52107,False,0.40992167101827676,0.34203655352480417,0.1138121546961326,0.14806629834254142,0,0,False
DataSet_01_213,SOX11,GSE52892,MCL,-1.94653,True,0.11879895561357702,0.06527415143603134,0.05758582502768549,0.06533776301218161,0,0,False
DataSet_01_214,BCLAF1,GSE52990,RKO,-1.2932,True,0.5274151436031331,0.6462140992167101,0.07743362831858407,0.06415929203539823,0,0,False
DataSet_01_216,ERG,GSE53994,VCaP,-0.84468,False,0.4608355091383812,0.3381201044386423,0.09966777408637874,0.10188261351052048,0,5,False
DataSet_01_217,TAL1,GSE54075,HEL,-2.05844,True,0.1475195822454308,0.10704960835509138,0.0876803551609323,0.08324084350721421,0,0,False
DataSet_01_220,HIF1A,GSE54360,HepG2,-1.23384,True,0.007832898172323759,0.006527415143603133,0.19577308120133483,0.19799777530589543,0,69,False
DataSet_01_221,KLF3,GSE54437,K562,0.04916,False,0.9986945169712794,0.9986945169712794,0.07947019867549669,0.10375275938189846,0,186,False
DataSet_01_222,KLF9,GSE54699,HepG2,-2.95993,True,0.43733681462140994,0.4804177545691906,0.08057395143487858,0.09492273730684327,0,70,False
DataSet_01_223,FOXM1,GSE55204,MCF7,-3.69268,True,0.24673629242819844,0.42428198433420367,0.15350389321468297,0.12013348164627363,0,105,False
DataSet_01_224,HIF1A,GSE55212,HuH7,-1.95443,True,0.016971279373368148,0.016971279373368148,0.19577308120133483,0.19799777530589543,0,1,False
DataSet_01_225,SNAI2,GSE55269,Primary human keratinocytes,-0.46229,False,0.005221932114882507,0.02349869451697128,0.18121546961325966,0.17569060773480663,0,0,False
DataSet_01_226,KLF2,GSE55667,RPMI8226,-1.74897,True,0.5757180156657964,0.489556135770235,0.08066298342541436,0.0861878453038674,0,0,False
DataSet_01_227,IRX1,GSE55958,143B,0.9612,False,0.8629242819843342,0.881201044386423,0.10706401766004416,0.12472406181015452,0,0,False
DataSet_01_228,HIF1A,GSE56989,Primary human macrophages,-1.68165,True,0.005221932114882507,0.005221932114882507,0.19577308120133483,0.19799777530589543,0,0,False
DataSet_01_229,ESR2,GSE57379,BT549,-0.01667,False,0.9281984334203656,0.9007832898172323,0.08719646799116998,0.0728476821192053,0,3,False
DataSet_01_230,JUN,GSE57529,LP6,-0.37104,False,0.0195822454308094,0.014360313315926894,0.2335928809788654,0.22914349276974416,0,0,False
DataSet_01_231,MYC,GSE57538,Adipose stem cells,-0.24724,False,0.014360313315926894,0.015665796344647518,0.3741648106904232,0.3741648106904232,0,0,False
DataSet_01_232,ZEB1,GSE57660,HeLa229,0.0,False,0.0026109660574412533,0.007832898172323759,0.1997792494481236,0.17880794701986755,0,0,False
DataSet_01_233,FOXA1,GSE58309,LNCaP,-1.43603,True,0.1422976501305483,0.23368146214099217,0.1388888888888889,0.12333333333333334,1,32,True
DataSet_01_234,FOXP1,GSE58309,LNCaP,-0.72432,False,0.4725848563968668,0.3198433420365535,0.08657047724750278,0.10543840177580466,1,34,True
DataSet_01_236,FOXC2,GSE60152,Lymphatic endothelial cells,-0.5495,False,0.39295039164490864,0.3720626631853786,0.12693156732891833,0.1401766004415011,0,2,False
DataSet_01_237,MYC,GSE60558,HT1080,-0.93234,False,0.006527415143603133,0.006527415143603133,0.3741648106904232,0.3741648106904232,0,0,False
DataSet_01_238,NFYB,GSE61272,U2OS ER-HA-E2F1,-2.46407,True,0.08746736292428199,0.04177545691906005,0.06755260243632337,0.07087486157253599,0,0,False
DataSet_01_240,ARNT,GSE61842,hESC HSF1,-0.00907,False,0.758485639686684,0.6579634464751958,0.09966777408637874,0.09856035437430787,0,0,False
DataSet_01_241,TCF4,GSE62085,CTXOE03,-0.81309,False,0.9099216710182768,0.8838120104438643,0.0861878453038674,0.07734806629834254,0,0,False
DataSet_01_242,EGR2,GSE62090,A673,-0.2155,False,0.8785900783289817,0.6462140992167101,0.0861878453038674,0.09723756906077348,0,0,False
DataSet_01_243,EGR2,GSE62090,SK-N-MC,0.15428,False,0.9490861618798956,0.7467362924281984,0.0861878453038674,0.09723756906077348,0,1,False
DataSet_01_244,ETS1,GSE62135,ALLSIL,-2.27346,True,0.05613577023498695,0.04177545691906005,0.15725359911406422,0.15725359911406422,0,3,False
DataSet_01_245,RUNX1,GSE62140,ALLSIL,-0.79607,False,0.05352480417754569,0.022193211488250653,0.0757238307349666,0.08240534521158129,0,3,False
DataSet_01_246,TLX1,GSE62141,ALLSIL,-1.99088,True,0.95822454308094,0.8276762402088773,0.07845303867403315,0.05966850828729282,0,2,False
DataSet_01_247,GATA6,GSE62316,HT29,-1.15245,True,0.10443864229765012,0.06788511749347259,0.13178294573643412,0.15946843853820597,0,1,False
DataSet_01_248,SMAD2,GSE6242,Hep3B,-1.43249,True,0.17754569190600522,0.1514360313315927,0.10520487264673312,0.11074197120708748,2,2,True
DataSet_01_249,SMAD3,GSE6242,Hep3B,-0.84208,False,0.04699738903394256,0.04177545691906005,0.12375690607734807,0.11160220994475138,2,2,True
DataSet_01_250,SMAD4,GSE6242,Hep3B,-0.96317,False,0.14360313315926893,0.1370757180156658,0.1504424778761062,0.15597345132743362,2,2,True
DataSet_01_251,TAL1,GSE62634,HSPCs,-0.25618,False,0.3668407310704961,0.41383812010443866,0.0876803551609323,0.08324084350721421,0,0,False
DataSet_01_252,TWIST1,GSE62738,CAF14,-0.87531,False,0.10443864229765012,0.22845953002610966,0.08970099667774087,0.07973421926910298,0,0,False
DataSet_01_253,TWIST1,GSE62738,CAF32,-0.97437,False,0.304177545691906,0.2754569190600522,0.08970099667774087,0.07973421926910298,0,0,False
DataSet_01_254,TWIST1,GSE62740,CAF,-0.92484,False,0.17885117493472585,0.22323759791122716,0.08970099667774087,0.07973421926910298,0,0,False
DataSet_01_255,YBX1,GSE63562,MDA,-1.44835,True,0.6710182767624021,0.5652741514360313,0.10479375696767002,0.09810479375696766,0,0,False
DataSet_01_256,YBX1,GSE63562,MDA-LM2,-1.6777,True,0.12402088772845953,0.1031331592689295,0.10479375696767002,0.09810479375696766,0,1,False
DataSet_01_257,YBX1,GSE63563,MDA,-1.3417,True,0.7467362924281984,0.5130548302872062,0.10479375696767002,0.09810479375696766,0,0,False
DataSet_01_258,YBX1,GSE63564,MDA,-1.78501,True,0.2258485639686684,0.1801566579634465,0.10479375696767002,0.09810479375696766,0,0,False
DataSet_01_259,YBX1,GSE63565,MDA,0.0,False,0.8433420365535248,0.9804177545691906,0.10479375696767002,0.09810479375696766,0,0,False
DataSet_01_260,SOX4,GSE63957,MDA-MB231,-3.22029,True,0.17885117493472585,0.2206266318537859,0.07419712070874862,0.07198228128460686,0,7,False
DataSet_01_261,NFKB2,GSE64234,L-1236,-1.50026,True,0.2780678851174935,0.2010443864229765,0.1390728476821192,0.11810154525386314,0,0,False
DataSet_01_262,IRF4,GSE64269,BL2,-0.97619,False,0.8080939947780679,0.45691906005221933,0.07292817679558011,0.07734806629834254,0,1,False
DataSet_01_263,TLX1,GSE65496,ALLSIL,-0.53493,False,0.391644908616188,0.32114882506527415,0.07845303867403315,0.05966850828729282,0,2,False
DataSet_01_265,MEF2A,GSE65857,SPC04,-0.01976,False,0.19973890339425587,0.2010443864229765,0.0739514348785872,0.09823399558498896,1,0,False
DataSet_01_266,HES1,GSE65872,CUTLL1,0.7269,False,0.7441253263707572,0.8472584856396866,0.08388520971302428,0.09492273730684327,0,0,False
DataSet_01_267,FOXO3,GSE66404,PANC1,-1.83034,True,0.29765013054830286,0.25718015665796345,0.16997792494481237,0.16666666666666666,0,2,False
DataSet_01_268,OTX2,GSE66671,Neural precursor cells,-0.70495,False,0.06005221932114883,0.04308093994778068,0.13134657836644592,0.1445916114790287,0,0,False
DataSet_01_269,SIX4,GSE67327,PEO1,-3.3989,True,0.5718015665796344,0.5848563968668408,0.05187637969094923,0.0640176600441501,0,0,False
DataSet_01_270,FOXO1,GSE67390,HUVEC,-0.96386,False,0.01174934725848564,0.010443864229765013,0.11444444444444445,0.11,0,10,False
DataSet_01_271,SF1,GSE67524,OsisHESC,0.03327,False,0.0013054830287206266,0.0013054830287206266,0.036464088397790057,0.03867403314917127,0,0,False
DataSet_01_272,CREB1,GSE68413,JURKAT,0.03079,False,0.0926892950391645,0.1671018276762402,0.12777777777777777,0.13111111111111112,0,5,False
DataSet_01_273,CREB1,GSE68413,Molt4,0.27466,False,0.020887728459530026,0.0391644908616188,0.12777777777777777,0.13111111111111112,0,0,False
DataSet_01_274,CREB1,GSE68413,Nalm6,0.14128,False,0.5456919060052219,0.5248041775456919,0.12777777777777777,0.13111111111111112,0,1,False
DataSet_01_275,CREB1,GSE68413,RS4;11,0.0099,False,0.08877284595300261,0.0835509138381201,0.12777777777777777,0.13111111111111112,0,1,False
DataSet_01_277,SALL4,GSE68959,H661,-1.96854,True,0.587467362924282,0.608355091383812,0.057458563535911604,0.06850828729281767,0,0,False
DataSet_01_278,AR,GSE68993,CWR22Pc,-0.59184,False,0.010443864229765013,0.009138381201044387,0.15959821428571427,0.16964285714285715,1,0,False
DataSet_01_280,ESRRA,GSE69661,293T,-1.91149,True,0.2950391644908616,0.2989556135770235,0.07743362831858407,0.06858407079646017,0,0,False
DataSet_01_281,MSX1,GSE69992,Dental Pulp Cells,-4.25376,True,0.03263707571801567,0.02349869451697128,0.08830022075055188,0.10375275938189846,0,0,False
DataSet_01_282,IRF7,GSE70190,Primary human bronchial epithelial cells,-1.8021,True,0.3237597911227154,0.5248041775456919,0.0640176600441501,0.0717439293598234,0,0,False
DataSet_01_283,AHR,GSE70200,THP-1,-1.92282,True,0.037859007832898174,0.06657963446475196,0.0640176600441501,0.0728476821192053,0,1,False
DataSet_01_286,TP53,GSE70479,JVM2,0.0,False,0.6018276762402088,0.3368146214099217,0.1318435754189944,0.1329608938547486,0,0,False
DataSet_01_287,NFYA,GSE70543,HCT1163,0.0723,False,0.020887728459530026,0.01174934725848564,0.17849223946784923,0.19401330376940132,0,0,False
DataSet_01_288,NFYA,GSE70543,H322,-0.40614,False,0.46736292428198434,0.402088772845953,0.17849223946784923,0.19401330376940132,0,0,False
DataSet_01_289,GRHL2,GSE71017,OVCA429,-0.27854,False,0.0195822454308094,0.10052219321148825,0.10619469026548672,0.10730088495575221,0,0,False
DataSet_01_290,SP3,GSE7102,JURKAT,-0.97463,False,0.737597911227154,0.6527415143603134,0.17439293598233996,0.19536423841059603,0,5,False
DataSet_01_291,JUN,GSE71977,BT549,-0.61763,False,0.9699738903394256,0.9477806788511749,0.2335928809788654,0.22914349276974416,0,2,False
DataSet_01_292,SNAI2,GSE72011,MCFDCIS,-0.42818,False,0.0026109660574412533,0.010443864229765013,0.18121546961325966,0.17569060773480663,0,0,False
DataSet_01_294,RELB,GSE73158,A549,-0.30257,False,0.5313315926892951,0.6475195822454308,0.10188261351052048,0.07198228128460686,0,7,False
DataSet_01_295,TFAP4,GSE74626,BE(2)-C,-3.08766,True,0.5783289817232375,0.3629242819843342,0.09933774834437085,0.11147902869757174,1,0,False
DataSet_01_296,MYCN,GSE74626,BE(2)-C,0.00377,False,0.030026109660574413,0.0039164490861618795,0.23136818687430477,0.22246941045606228,1,0,False
DataSet_01_297,EP300,GSE74742,KYSE150,0.0,False,0.8498694516971279,0.8054830287206266,0.08950276243093923,0.08950276243093923,0,0,False
DataSet_01_298,ARID1B,GSE75207,IRM90,-0.7345,False,0.4281984334203655,0.52088772845953,0.06181015452538632,0.06622516556291391,0,0,False
DataSet_01_299,SOX7,GSE75380,HUVEC,-1.87406,True,0.12532637075718014,0.037859007832898174,0.05187637969094923,0.039735099337748346,1,9,True
DataSet_01_300,SOX17,GSE75380,HUVEC,-2.02528,True,0.11618798955613577,0.1122715404699739,0.143646408839779,0.13812154696132597,1,8,True
DataSet_01_304,ETV5,GSE75692,hADSC,-1.12304,True,0.9738903394255874,0.9751958224543081,0.08609271523178808,0.0772626931567329,0,0,False
DataSet_01_305,HOXA5,GSE75840,MCF10A,-1.5133,True,0.42950391644908614,0.26631853785900783,0.08057395143487858,0.07836644591611479,0,4,False
DataSet_01_306,NR2E1,GSE75945,PBT003,-1.10318,True,0.097911227154047,0.06919060052219321,0.08719646799116998,0.10154525386313466,0,0,False
DataSet_01_307,ARNT,GSE76090,WA09/H9,-0.15258,False,0.12140992167101827,0.18276762402088773,0.09966777408637874,0.09856035437430787,0,0,False
DataSet_01_308,SOX9,GSE76441,VCaP,-1.10787,True,0.17493472584856398,0.2989556135770235,0.10287610619469026,0.09513274336283185,0,5,False
DataSet_01_309,SOX9,GSE76452,VCaP,-1.10787,True,0.17493472584856398,0.2989556135770235,0.10287610619469026,0.09513274336283185,0,5,False
DataSet_01_310,MTF1,GSE76510,Caco-2,-0.34855,False,0.0013054830287206266,0.0013054830287206266,0.09823399558498896,0.12141280353200883,0,1,False
DataSet_01_311,BRD4,GSE78704,Ovcar8,-0.6449,False,0.0013054830287206266,0.0013054830287206266,0.10386740331491713,0.11160220994475138,0,0,False
DataSet_01_312,TFAP2C,GSE79228,NCI-H292,-1.5329,True,0.14882506527415143,0.18929503916449086,0.10852713178294573,0.08748615725359911,0,0,False
DataSet_01_314,RUNX1,GSE79598,H9,-0.21464,False,0.39947780678851175,0.6997389033942559,0.0757238307349666,0.08240534521158129,0,2,False
DataSet_01_315,ARNT,GSE80347,HSC3,-0.06857,False,0.758485639686684,0.8420365535248042,0.09966777408637874,0.09856035437430787,0,1,False
DataSet_01_316,ERG,GSE80395,HeLa,-0.02152,False,0.16318537859007834,0.1409921671018277,0.09966777408637874,0.10188261351052048,0,9,False
DataSet_01_317,ARNT,GSE80995,CTB,-0.63717,False,0.6488250652741514,0.41906005221932113,0.09966777408637874,0.09856035437430787,0,0,False
DataSet_01_318,ELK3,GSE83325,MDA-MB231,-2.82074,True,0.44386422976501305,0.556135770234987,0.08388520971302428,0.0728476821192053,0,7,False
DataSet_01_320,HNF4G,GSE85242,22RV1,-0.22266,False,0.0039164490861618795,0.018276762402088774,0.08278145695364239,0.08940397350993377,0,1,False
DataSet_01_321,FOXO1,GSE86066,RS4;11,-0.00202,False,0.8289817232375979,0.7663185378590078,0.11444444444444445,0.11,0,1,False
DataSet_01_322,FOXO1,GSE86066,018Z,0.0721,False,0.8746736292428199,0.8472584856396866,0.11444444444444445,0.11,0,0,False
DataSet_01_323,AR,GSE86547,CWR22Rv1,-0.899,False,0.19451697127937337,0.0391644908616188,0.15959821428571427,0.16964285714285715,0,1,False
DataSet_01_324,MYC,GSE87693,HCT116,-1.68378,True,0.0013054830287206266,0.0013054830287206266,0.3741648106904232,0.3741648106904232,0,6,False
DataSet_01_325,TP63,GSE88832,HaCaT,-0.44191,False,0.4386422976501306,0.643603133159269,0.14719101123595504,0.14157303370786517,0,1,False
DataSet_01_326,TP63,GSE88833,JHU-029,-0.70299,False,0.860313315926893,0.8929503916449086,0.14719101123595504,0.14157303370786517,0,0,False
DataSet_01_327,TP63,GSE88833,FaDU,-2.18471,True,0.033942558746736295,0.048302872062663184,0.14719101123595504,0.14157303370786517,0,0,False
DataSet_01_328,TP63,GSE88861,HaCaT,-0.44191,False,0.4386422976501306,0.643603133159269,0.14719101123595504,0.14157303370786517,0,1,False
DataSet_01_329,TP63,GSE88861,JHU-029,-0.70299,False,0.860313315926893,0.8929503916449086,0.14719101123595504,0.14157303370786517,0,0,False
DataSet_01_330,TP63,GSE88861,FaDU,-2.18471,True,0.033942558746736295,0.048302872062663184,0.14719101123595504,0.14157303370786517,0,0,False
DataSet_01_331,TOX,GSE89607,CCRF-CEM,-0.77077,False,0.4425587467362924,0.4699738903394256,0.051933701657458566,0.04861878453038674,0,0,False
DataSet_01_332,TOX,GSE89607,HPB-ALL,-1.15678,True,0.37989556135770236,0.36945169712793735,0.051933701657458566,0.04861878453038674,0,0,False
DataSet_01_333,HOXC6,GSE9182,LNCaP,-2.32533,True,0.33159268929503916,0.29765013054830286,0.12693156732891833,0.15011037527593818,0,35,False
DataSet_01_334,STAT3,GSE92638,LX-2,-0.79893,False,0.12010443864229765,0.06005221932114883,0.16201117318435754,0.1441340782122905,0,0,False
DataSet_01_335,NFE2L2,GSE94393,A549,-0.76166,False,0.005221932114882507,0.007832898172323759,0.1847345132743363,0.20243362831858408,0,6,False
DataSet_01_336,GRHL3,GSE94465,NHEK,-3.45616,True,0.2010443864229765,0.2010443864229765,0.06961325966850829,0.09834254143646409,0,2,False
DataSet_01_337,REST,GSE94466,NHEK,-2.52843,True,0.0013054830287206266,0.0013054830287206266,0.24750277469478357,0.2730299667036626,0,1,False
DataSet_01_338,REST,GSE94467,NHEK,-2.7384,True,0.0013054830287206266,0.0013054830287206266,0.24750277469478357,0.2730299667036626,0,1,False
DataSet_01_339,KLF4,GSE94468,HCE,-1.46365,True,0.8746736292428199,0.8590078328981723,0.08287292817679558,0.08287292817679558,0,2,False
DataSet_01_340,KLF7,GSE94469,HCE,-1.53167,True,0.7872062663185379,0.8002610966057441,0.05303867403314917,0.04861878453038674,0,2,False
DataSet_01_341,KLF4,GSE94470,HCE,-0.63562,False,0.9634464751958225,0.9360313315926893,0.08287292817679558,0.08287292817679558,1,1,True
DataSet_01_342,KLF7,GSE94470,HCE,-1.84779,True,0.4830287206266319,0.4869451697127937,0.05303867403314917,0.04861878453038674,1,1,True
DataSet_01_343,RUNX1,GSE94835,MV4-11,-0.044,False,0.21148825065274152,0.49738903394255873,0.0757238307349666,0.08240534521158129,0,0,False
DataSet_01_344,RUNX1,GSE98748,MV4-11,-0.11793,False,0.3002610966057441,0.5822454308093995,0.0757238307349666,0.08240534521158129,0,0,False
DataSet_01_345,ARID1A,GSE86572,iEEC16,-0.266,False,0.07571801566579635,0.21409921671018275,0.07547169811320754,0.07880133185349611,0,0,False
DataSet_01_346,TCF7L1,GSE92446,HCT116,-0.47957,False,0.49216710182767626,0.839425587467363,0.10165745856353592,0.045303867403314914,0,6,False
DataSet_01_347,GATA3,GSE76581,OEC-M1,-1.49625,True,0.8093994778067886,0.6462140992167101,0.07982261640798226,0.06541019955654102,1,0,False
DataSet_01_348,HIF1A,GSE76581,OEC-M1,-2.45837,True,0.0013054830287206266,0.0013054830287206266,0.19577308120133483,0.19799777530589543,1,0,False
DataSet_01_349,SOX2,GSE51441,HF2303,-1.66135,True,0.013054830287206266,0.0195822454308094,0.07700892857142858,0.07700892857142858,0,0,False
DataSet_01_350,SOX2,GSE67993,Undifferentiated hESCs,-0.91185,False,0.412532637075718,0.30548302872062666,0.07700892857142858,0.07700892857142858,0,0,False
DataSet_01_351,SMAD2,GSE8464,BxPC-3,-0.8477,False,0.737597911227154,0.8642297650130548,0.10520487264673312,0.11074197120708748,1,0,False
DataSet_01_352,SMAD3,GSE8464,BxPC-3,-0.72227,False,0.7859007832898173,0.6214099216710183,0.12375690607734807,0.11160220994475138,1,0,False
DataSet_01_353,ZNF24,GSE14273,HEK293,-0.52233,False,0.06266318537859007,0.11096605744125326,0.13245033112582782,0.1445916114790287,0,5,False
DataSet_01_354,ELK1,GSE18849,MDA-MB231,-1.46354,True,0.5248041775456919,0.47389033942558745,0.15248618784530388,0.12154696132596685,1,6,True
DataSet_01_355,NFYA,GSE18849,MDA-MB231,-0.44441,False,0.21409921671018275,0.23237597911227154,0.17849223946784923,0.19401330376940132,1,6,True
DataSet_01_356,ETV4,GSE21209,PC3,-1.64145,True,0.9138381201044387,0.9712793733681462,0.12693156732891833,0.09050772626931568,0,5,False
DataSet_01_357,CDX2,GSE30181,COLO320,-1.29555,True,0.7493472584856397,0.6984334203655352,0.08167770419426049,0.09161147902869757,0,0,False
DataSet_01_358,HOXA10,GSE35801,Endometrial stromal cells,0.0,False,0.21279373368146215,0.1409921671018277,0.11479028697571744,0.10816777041942605,0,2,False
DataSet_01_359,PAX3,GSE35862,Rh30,-0.23075,False,0.07963446475195822,0.031331592689295036,0.11406423034330011,0.11406423034330011,0,0,False
DataSet_01_360,SOX17,GSE37395,HUVEC,-1.7728,True,0.3328981723237598,0.2519582245430809,0.143646408839779,0.13812154696132597,0,9,False
DataSet_01_361,RUNX2,GSE46477,SKOV3,0.09301,False,0.7545691906005222,0.7467362924281984,0.15248618784530388,0.16464088397790055,0,3,False
DataSet_01_363,GRHL2,GSE90132,A2780s,0.07649,False,0.4073107049608355,0.31462140992167104,0.10619469026548672,0.10730088495575221,0,0,False
DataSet_01_364,GRHL2,GSE90132,SKOV3,-0.03762,False,0.10052219321148825,0.13446475195822455,0.10619469026548672,0.10730088495575221,0,3,False
DataSet_02_005,CEBPZ,ENCSR637EFF,K562,-0.39931,False,0.06135770234986945,0.20365535248041775,0.07751937984496124,0.08637873754152824,0,185,False
DataSet_02_015,HOXB9,ENCSR810RIC,K562,-1.13412,True,0.19973890339425587,0.185378590078329,0.09271523178807947,0.11920529801324503,0,186,False
DataSet_02_016,JUND,ENCSR389OCD,K562,-1.25221,True,0.024804177545691905,0.037859007832898174,0.15486725663716813,0.1515486725663717,0,186,False
DataSet_02_017,BACH1,ENCSR190RZZ,K562,0.0,False,0.8537859007832899,0.8942558746736292,0.17940199335548174,0.2059800664451827,0,185,False
DataSet_02_018,STAT2,ENCSR469EFL,K562,-1.70754,True,0.07571801566579635,0.13446475195822455,0.17439293598233996,0.1534216335540839,0,186,False
DataSet_02_019,NR2F2,ENCSR688UTN,K562,-0.60648,False,0.4177545691906005,0.2245430809399478,0.08888888888888889,0.09777777777777778,0,186,False
DataSet_02_021,SRF,ENCSR084NTT,K562,-0.5929,False,0.11357702349869452,0.17754569190600522,0.112707182320442,0.10386740331491713,0,186,False
DataSet_02_022,NFATC1,ENCSR381TNV,K562,-0.85696,False,0.02349869451697128,0.010443864229765013,0.1291390728476821,0.12472406181015452,0,186,False
DataSet_02_023,STAT1,ENCSR184VVN,K562,-1.72967,True,0.9151436031331592,0.9425587467362925,0.18555555555555556,0.16777777777777778,0,185,False
DataSet_02_024,NFYB,ENCSR171KMM,K562,-0.75754,False,0.06266318537859007,0.04960835509138381,0.06755260243632337,0.07087486157253599,0,185,False
DataSet_02_025,USF2,ENCSR052BWT,K562,-1.99826,True,0.8877284595300261,0.8485639686684073,0.08057395143487858,0.08167770419426049,0,186,False
DataSet_02_026,USF1,ENCSR545HTM,K562,-1.84996,True,0.8120104438642297,0.8054830287206266,0.10485651214128035,0.11699779249448124,0,186,False
DataSet_02_027,ZNF384,ENCSR103URL,K562,-0.62357,False,0.7989556135770235,0.8289817232375979,0.08397790055248619,0.08508287292817679,0,185,False
DataSet_02_028,GATA2,ENCSR557BMX,K562,-0.38768,False,0.12663185378590078,0.12402088772845953,0.06319290465631928,0.05321507760532151,0,186,False
DataSet_02_029,KLF2,ENCSR620DOP,K562,-0.60176,False,0.185378590078329,0.1174934725848564,0.08066298342541436,0.0861878453038674,0,186,False
DataSet_02_030,MEIS2,ENCSR733TFF,K562,-0.73146,False,0.09921671018276762,0.06266318537859007,0.12030905077262694,0.13134657836644592,0,186,False
DataSet_02_032,NFE2L1,ENCSR385ZTW,K562,-1.56069,True,0.030026109660574413,0.031331592689295036,0.09381898454746136,0.10375275938189846,0,186,False
DataSet_02_033,TEAD2,ENCSR074FBG,K562,-2.60937,True,0.8002610966057441,0.8498694516971279,0.04083885209713024,0.02759381898454746,0,186,False
DataSet_02_034,ERF,ENCSR268DNJ,K562,-0.8763,False,0.048302872062663184,0.08746736292428199,0.0430939226519337,0.03535911602209945,0,186,False
DataSet_02_036,HINFP,ENCSR713AEC,K562,0.0,False,0.09138381201044386,0.1031331592689295,0.11172566371681415,0.04756637168141593,0,186,False
DataSet_02_037,FOXM1,ENCSR701TVL,K562,-0.11168,False,0.5744125326370757,0.45430809399477806,0.15350389321468297,0.12013348164627363,0,186,False
DataSet_02_039,RELA,ENCSR052ZPX,K562,-1.39551,True,0.0013054830287206266,0.0013054830287206266,0.21087680355160932,0.1864594894561598,0,186,False
DataSet_02_040,TEAD4,ENCSR550FIL,K562,-1.5798,True,0.741514360313316,0.7010443864229765,0.06740331491712707,0.07734806629834254,0,186,False
DataSet_02_041,CTBP1,ENCSR171RTN,K562,-0.36928,False,0.6018276762402088,0.5221932114882507,0.08167770419426049,0.08498896247240618,0,186,False
DataSet_02_042,SP2,ENCSR715EDZ,K562,-2.02074,True,0.5600522193211488,0.5548302872062664,0.11589403973509933,0.1434878587196468,0,186,False
DataSet_02_047,SMARCA4,ENCSR126GEQ,K562,-0.29238,False,0.39033942558746737,0.3838120104438642,0.1005524861878453,0.07955801104972375,0,186,False
DataSet_02_048,SMAD5,ENCSR731FEO,K562,-1.81161,True,0.006527415143603133,0.04699738903394256,0.15486725663716813,0.12389380530973451,0,185,False
DataSet_02_050,ARID3A,ENCSR898UNK,K562,0.0,False,0.5130548302872062,0.4660574412532637,0.14033149171270717,0.14475138121546963,0,185,False
DataSet_02_054,ATF3,ENCSR123IMQ,K562,-1.86056,True,0.38642297650130547,0.3368146214099217,0.08970099667774087,0.09966777408637874,0,185,False
DataSet_02_055,DLX1,ENCSR862UHT,K562,-1.25001,True,0.6971279373368147,0.7297650130548303,0.07836644591611479,0.09713024282560706,0,186,False
DataSet_02_056,UBTF,ENCSR608ORR,K562,-0.27679,False,0.42428198433420367,0.370757180156658,0.1281767955801105,0.14585635359116023,0,185,False
DataSet_02_057,STAT6,ENCSR024HAR,K562,-0.87112,False,0.6344647519582245,0.8785900783289817,0.0975609756097561,0.0942350332594235,0,186,False
DataSet_02_059,ZNF143,ENCSR781XJD,K562,-0.28868,False,0.4360313315926893,0.4347258485639687,0.20088300220750552,0.18984547461368653,0,186,False
DataSet_02_060,GATA1,ENCSR850LOZ,K562,-0.9943,False,0.4608355091383812,0.5652741514360313,0.08719646799116998,0.09602649006622517,0,186,False
DataSet_02_061,RFX5,ENCSR619EYC,K562,-1.58857,True,0.6631853785900783,0.6422976501305483,0.10154525386313466,0.11037527593818984,0,186,False
DataSet_02_062,NRF1,ENCSR299HUJ,K562,-0.42397,False,0.6631853785900783,0.48172323759791125,0.10375275938189846,0.1280353200883002,0,186,False
DataSet_02_063,TRIM28,ENCSR591QYK,K562,-1.46428,True,0.5704960835509139,0.5548302872062664,0.03642384105960265,0.019867549668874173,0,186,False
DataSet_02_064,HOXB4,ENCSR359VJC,K562,0.0,False,0.2819843342036554,0.3394255874673629,0.08167770419426049,0.06291390728476821,0,186,False
DataSet_02_065,NONO,ENCSR039VEQ,K562,0.0,False,0.6775456919060052,0.6318537859007833,0.11946902654867257,0.09513274336283185,0,185,False
DataSet_02_067,SP1,ENCSR650QAK,K562,-0.2263,False,0.0039164490861618795,0.0026109660574412533,0.26496674057649666,0.26718403547671843,0,186,False
DataSet_02_069,ZNF395,ENCSR267BHU,K562,-0.35227,False,0.46866840731070497,0.5887728459530026,0.12141280353200883,0.12362030905077263,0,186,False
DataSet_02_071,TFDP1,ENCSR552HTC,K562,-2.45296,True,0.8929503916449086,0.45822454308093996,0.27704194260485654,0.1445916114790287,0,186,False
DataSet_02_072,STAT5A,ENCSR376CFR,K562,-0.68941,False,0.9046997389033943,0.9073107049608355,0.10276243093922652,0.10828729281767956,0,185,False
DataSet_02_073,HSF1,ENCSR734VBC,K562,-0.5654,False,0.28720626631853785,0.31723237597911225,0.1309655937846837,0.12985571587125416,0,186,False
DataSet_02_075,HMGA1,ENCSR069OUL,K562,-1.97429,True,0.8263707571801566,0.7780678851174935,0.14380530973451328,0.168141592920354,0,186,False
DataSet_02_076,NFYA,ENCSR096VPS,K562,0.0,False,0.018276762402088774,0.018276762402088774,0.17849223946784923,0.19401330376940132,0,186,False
DataSet_02_077,NR2C2,ENCSR808HQN,K562,-0.2724,False,0.2989556135770235,0.24281984334203655,0.06622516556291391,0.08278145695364239,0,186,False
DataSet_02_082,ZBTB33,ENCSR223QTD,K562,-1.43836,True,0.21801566579634465,0.21018276762402088,0.10706401766004416,0.11479028697571744,0,186,False
DataSet_02_084,NR4A1,ENCSR357LVC,K562,-0.95483,False,0.9164490861618799,0.8929503916449086,0.06740331491712707,0.08508287292817679,0,186,False
DataSet_02_085,MITF,ENCSR905SEH,K562,-0.6983,False,0.07702349869451697,0.05221932114882506,0.08351893095768374,0.09020044543429843,0,186,False
DataSet_02_093,NONO,ENCSR647NYX,HepG2,0.0,False,0.7258485639686684,0.7859007832898173,0.11946902654867257,0.09513274336283185,0,70,False
DataSet_02_098,YBX3,ENCSR494VSD,HepG2,0.0,False,0.08093994778067885,0.09921671018276762,0.10276243093922652,0.1005524861878453,0,70,False
DataSet_02_104,HDGF,ENCSR634KHL,HepG2,-3.16823,True,0.3133159268929504,0.3381201044386423,0.10927152317880795,0.12251655629139073,0,70,False
DataSet_02_112,BCLAF1,ENCSR481AYC,HepG2,-0.91208,False,0.13838120104438642,0.17754569190600522,0.07743362831858407,0.06415929203539823,0,70,False
DataSet_02_118,CEBPZ,ENCSR929PXS,HepG2,-0.56864,False,0.7676240208877284,0.7728459530026109,0.07751937984496124,0.08637873754152824,0,70,False
DataSet_02_122,EWSR1,ENCSR532ZPP,HepG2,-0.78835,False,0.7310704960835509,0.5600522193211488,0.15027624309392265,0.1580110497237569,0,70,False
DataSet_02_142,BCLAF1,ENCSR410ZPU,K562,-0.57968,False,0.11096605744125326,0.14360313315926893,0.07743362831858407,0.06415929203539823,0,186,False
DataSet_02_149,NONO,ENCSR398HXV,K562,0.0,False,0.12402088772845953,0.13577023498694518,0.11946902654867257,0.09513274336283185,0,185,False
DataSet_02_153,YBX3,ENCSR306EIU,K562,0.0,False,0.0835509138381201,0.05613577023498695,0.10276243093922652,0.1005524861878453,0,186,False
DataSet_02_167,EWSR1,ENCSR831YGP,K562,-0.96275,False,0.9686684073107049,0.9464751958224543,0.15027624309392265,0.1580110497237569,0,186,False
DataSet_02_172,ZFX,ENCSR244ZVP,C4-2B,-1.76132,True,0.7180156657963447,0.7023498694516971,0.07087486157253599,0.09634551495016612,0,1,False
DataSet_02_173,MXI1,ENCSR631RKH,K562,-0.76799,False,0.34464751958224543,0.34986945169712796,0.04746136865342163,0.04304635761589404,0,186,False
DataSet_02_174,NFE2L2,ENCSR100ODO,K562,-0.55981,False,0.013054830287206266,0.007832898172323759,0.1847345132743363,0.20243362831858408,0,186,False
DataSet_02_176,CEBPZ,ENCSR977SOT,K562,-0.63195,False,0.45300261096605743,0.45430809399477806,0.07751937984496124,0.08637873754152824,0,185,False
DataSet_02_179,VEZF1,ENCSR047MQO,K562,0.0,False,0.7284595300261096,0.674934725848564,0.06622516556291391,0.0673289183222958,0,186,False
DataSet_02_180,ATF3,ENCSR045TQN,K562,-0.33537,False,0.6305483028720626,0.6070496083550914,0.08970099667774087,0.09966777408637874,0,185,False
DataSet_02_182,STAT5A,ENCSR174FUO,K562,-0.91881,False,0.5365535248041775,0.685378590078329,0.10276243093922652,0.10828729281767956,0,185,False
DataSet_02_183,MAFK,ENCSR640PVZ,K562,-0.40503,False,0.9007832898172323,0.8994778067885117,0.13024282560706402,0.15011037527593818,0,186,False
DataSet_02_184,KAT2B,ENCSR576FFB,K562,-0.49869,False,0.6096605744125326,0.7402088772845953,0.0706401766004415,0.04525386313465784,0,186,False
DataSet_02_185,CTCF,ENCSR067CAG,K562,-1.26009,True,0.8942558746736292,0.9268929503916449,0.06541019955654102,0.06762749445676275,0,185,False
DataSet_02_186,BHLHE40,ENCSR626SFM,K562,-0.12051,False,0.4255874673629243,0.4699738903394256,0.08830022075055188,0.0739514348785872,0,186,False
DataSet_02_188,BACH1,ENCSR793ISR,K562,0.0,False,0.8825065274151436,0.8825065274151436,0.17940199335548174,0.2059800664451827,0,185,False
DataSet_02_189,MAFG,ENCSR136ZPD,K562,-0.59955,False,0.7336814621409922,0.7506527415143603,0.10816777041942605,0.08719646799116998,0,186,False
DataSet_02_192,MAX,ENCSR675SDG,K562,-1.07684,True,0.3877284595300261,0.3785900783289817,0.07955801104972375,0.08397790055248619,0,186,False
DataSet_02_193,ARID3A,ENCSR169DSM,K562,0.0,False,0.5509138381201044,0.5456919060052219,0.14033149171270717,0.14475138121546963,0,185,False
DataSet_02_198,UBTF,ENCSR312FIT,K562,-0.55531,False,0.12140992167101827,0.15796344647519583,0.1281767955801105,0.14585635359116023,0,185,False
DataSet_02_199,MAZ,ENCSR129WCZ,K562,-0.87247,False,0.943864229765013,0.9751958224543081,0.076158940397351,0.0673289183222958,0,186,False
DataSet_02_200,E2F4,ENCSR874ZXG,K562,-0.77106,False,0.8955613577023499,0.783289817232376,0.40507726269315675,0.41832229580573954,0,186,False
DataSet_02_201,TAL1,ENCSR336ZWX,K562,-0.32579,False,0.48433420365535246,0.3577023498694517,0.0876803551609323,0.08324084350721421,0,186,False
DataSet_02_202,BRCA1,ENCSR205BWT,K562,-0.39409,False,0.8172323759791122,0.7545691906005222,0.14806629834254142,0.11933701657458563,0,186,False
DataSet_02_203,ZNF384,ENCSR965CCM,K562,-0.4282,False,0.9595300261096605,0.9712793733681462,0.08397790055248619,0.08508287292817679,0,185,False
DataSet_02_205,E2F6,ENCSR820EGA,K562,-0.63179,False,0.9308093994778068,0.9425587467362925,0.08167770419426049,0.1291390728476821,0,186,False
DataSet_02_206,ZFX,ENCSR005AHI,MCF7,-2.40204,True,0.4308093994778068,0.43733681462140994,0.07087486157253599,0.09634551495016612,0,105,False
DataSet_03_001,ABL1,GSE31912,MCF7,-0.572925,False,0.7689295039164491,0.28067885117493474,0.09381898454746136,0.04746136865342163,77,28,True
DataSet_03_004,AR,GSE11428,abl cells,-1.84288,True,0.9503916449086162,0.9046997389033943,0.15959821428571427,0.16964285714285715,0,0,False
DataSet_03_005,AR,GSE11428,LNCaP,-1.765544,True,0.8185378590078329,0.6631853785900783,0.15959821428571427,0.16964285714285715,0,33,False
DataSet_03_006,AR,GSE115270,MCF7,-0.616825,False,0.912532637075718,0.7741514360313316,0.15959821428571427,0.16964285714285715,0,105,False
DataSet_03_007,AR,GSE32892,VCaP,-2.045341,True,0.36945169712793735,0.1122715404699739,0.15959821428571427,0.16964285714285715,0,5,False
DataSet_03_008,AR,GSE49285,CWR22Rv1,-0.3717222,False,0.0731070496083551,0.037859007832898174,0.15959821428571427,0.16964285714285715,0,1,False
DataSet_03_009,AR,GSE49285,LNCaP,-0.2238888,False,0.0039164490861618795,0.0039164490861618795,0.15959821428571427,0.16964285714285715,0,33,False
DataSet_03_010,AR,GSE49285,VCaP,-0.7184447,False,0.779373368146214,0.6710182767624021,0.15959821428571427,0.16964285714285715,0,5,False
DataSet_03_011,AR,GSE66722,LNCaP,0.0,False,1.0,1.0,0.15959821428571427,0.16964285714285715,18,15,True
DataSet_03_013,ARID1A,GSE129475,SAS cells,-1.27036,True,0.5052219321148825,0.4804177545691906,0.07547169811320754,0.07880133185349611,0,0,False
DataSet_03_014,ARID1A,GSE72669,MDA-MB-157,-0.3813363,False,0.293733681462141,0.4869451697127937,0.07547169811320754,0.07880133185349611,0,0,False
DataSet_03_016,ASCL1,GSE21216,DMS79,-0.7814057,False,0.6788511749347258,0.835509138381201,0.09161147902869757,0.08830022075055188,0,0,False
DataSet_03_017,ATF3,GSE74362,HCT116,-1.260501,True,0.6109660574412533,0.32114882506527415,0.08970099667774087,0.09966777408637874,0,5,False
DataSet_03_018,ATF4,GSE136614,A375,-2.426447,True,0.009138381201044387,0.0039164490861618795,0.1479028697571744,0.1423841059602649,0,14,False
DataSet_03_024,BCL6,GSE31912,MCF7,-0.6081177,False,0.22193211488250653,0.2310704960835509,0.10631229235880399,0.10188261351052048,77,28,True
DataSet_03_025,BCL6,GSE45838,OCI-Ly7 DLBCL,-0.3602478,False,0.20496083550913838,0.14882506527415143,0.10631229235880399,0.10188261351052048,0,0,False
DataSet_03_026,BCL6,GSE45838,Pfeiffer DLBCL,-1.080475,True,0.0013054830287206266,0.01174934725848564,0.10631229235880399,0.10188261351052048,0,0,False
DataSet_03_027,BCL6,GSE77053,U87,-0.4753435,False,0.23237597911227154,0.30156657963446476,0.10631229235880399,0.10188261351052048,0,2,False
DataSet_03_028,BRCA1,GSE31912,MCF7,-0.7290177,False,0.25326370757180156,0.4177545691906005,0.14806629834254142,0.11933701657458563,77,28,True
DataSet_03_047,CEBPA,GSE31912,MCF7,-0.4981593,False,0.05483028720626632,0.06657963446475196,0.10485651214128035,0.12030905077262694,77,28,True
DataSet_03_048,CEBPB,GSE31912,MCF7,-0.1236617,False,0.06135770234986945,0.0783289817232376,0.16574585635359115,0.17569060773480663,77,28,True
DataSet_03_049,CEBPB,GSE41473,hESC,-2.360576,True,0.0013054830287206266,0.0013054830287206266,0.16574585635359115,0.17569060773480663,0,1,False
DataSet_03_050,CEBPD,GSE31912,MCF7,-0.4348297,False,0.49216710182767626,0.48825065274151436,0.1569060773480663,0.15469613259668508,77,28,True
DataSet_03_055,CREBBP,GSE31912,MCF7,-0.3238227,False,0.5104438642297651,0.42950391644908614,0.1280353200883002,0.10485651214128035,77,28,True
DataSet_03_056,CTCF,GSE125436,LNCaP,-2.009543,True,0.08746736292428199,0.04046997389033943,0.06541019955654102,0.06762749445676275,0,35,False
DataSet_03_057,CTCF,GSE93363,Immortalized prostate epithelial cells,-0.093535,False,0.27284595300261094,0.27154046997389036,0.06541019955654102,0.06762749445676275,0,0,False
DataSet_03_058,CTNNB1,GSE31912,MCF7,-0.1649253,False,0.12140992167101827,0.26631853785900783,0.14696132596685083,0.1292817679558011,77,28,True
DataSet_03_059,CTNNB1,GSE66722,LNCaP,-3.872987,True,0.7976501305483029,0.8851174934725848,0.14696132596685083,0.1292817679558011,18,17,True
DataSet_03_060,E2F1,GSE22209,HeLa,-1.801817,True,0.009138381201044387,0.0195822454308094,0.39005524861878454,0.36132596685082874,0,9,False
DataSet_03_061,E2F1,GSE31912,MCF7,-0.4975563,False,0.5326370757180157,0.5352480417754569,0.39005524861878454,0.36132596685082874,77,28,True
DataSet_03_062,E2F5,GSE31912,MCF7,-0.5261093,False,0.195822454308094,0.35117493472584854,0.16777041942604856,0.13796909492273732,77,28,True
DataSet_03_063,E2F7,GSE58074,SCC25,-1.445059,True,0.7506527415143603,0.741514360313316,0.09492273730684327,0.10485651214128035,1,0,False
DataSet_03_064,EBF1,GSE42680,Fully differentiated adipocytes,-0.9739408,False,0.10704960835509138,0.05352480417754569,0.06512141280353201,0.06622516556291391,0,0,False
DataSet_03_065,EP300,GSE66722,LNCaP,-1.72724,True,0.5313315926892951,0.8681462140992167,0.08950276243093923,0.08950276243093923,18,17,True
DataSet_03_067,ERF,GSE31912,MCF7,-0.6383057,False,0.30548302872062666,0.7336814621409922,0.0430939226519337,0.03535911602209945,77,28,True
DataSet_03_068,ESR1,GSE31912,MCF7,-0.2699822,False,0.009138381201044387,0.014360313315926894,0.16981132075471697,0.14428412874583796,77,25,True
DataSet_03_069,ESR1,GSE73550,Endometrial stromal cell,-0.129601,False,0.014360313315926894,0.009138381201044387,0.16981132075471697,0.14428412874583796,0,0,False
DataSet_03_070,ESR1,GSE73550,Endometrial stromal cell,-0.044205,False,0.0926892950391645,0.04177545691906005,0.16981132075471697,0.14428412874583796,0,0,False
DataSet_03_071,ESR1,GSE95165,MCF7,-0.2253937,False,0.031331592689295036,0.1227154046997389,0.16981132075471697,0.14428412874583796,1,101,True
DataSet_03_072,ESRRA,GSE31912,MCF7,-0.3153857,False,0.5261096605744126,0.7023498694516971,0.07743362831858407,0.06858407079646017,77,28,True
DataSet_03_073,ETS1,GSE122918,WI38,-1.201786,True,0.04177545691906005,0.04046997389033943,0.15725359911406422,0.15725359911406422,2,2,True
DataSet_03_074,ETS1,GSE144397,WI38,-1.195833,True,0.05483028720626632,0.048302872062663184,0.15725359911406422,0.15725359911406422,2,2,True
DataSet_03_075,ETV6,GSE75003,U251,-2.238372,True,0.860313315926893,0.9046997389033943,0.07403314917127071,0.08176795580110498,1,1,True
DataSet_03_076,FHL2,GSE66722,LNCaP,-0.6177439,False,0.30809399477806787,0.8159268929503917,0.0684326710816777,0.059602649006622516,18,17,True
DataSet_03_078,FLI1,GSE144625,THP-1,-1.915758,True,0.9882506527415144,0.9778067885117493,0.10099889012208657,0.09100998890122086,0,1,False
DataSet_03_079,FOS,GSE31912,MCF7,-0.52856,False,0.8420365535248042,0.783289817232376,0.14917127071823205,0.143646408839779,77,27,True
DataSet_03_080,FOXA1,GSE124270,MCF7,-1.392308,True,0.020887728459530026,0.02610966057441253,0.1388888888888889,0.12333333333333334,1,102,True
DataSet_03_081,FOXA1,GSE25315,MCF7,-0.8814193,False,0.01174934725848564,0.006527415143603133,0.1388888888888889,0.12333333333333334,0,103,False
DataSet_03_082,FOXA1,GSE25316,MCF7,-0.8814193,False,0.01174934725848564,0.006527415143603133,0.1388888888888889,0.12333333333333334,0,103,False
DataSet_03_083,FOXA1,GSE27682,LNCaP,-0.7233214,False,0.05221932114882506,0.07049608355091384,0.1388888888888889,0.12333333333333334,0,33,False
DataSet_03_084,FOXC1,GSE31912,MCF7,-0.8553087,False,0.5574412532637075,0.556135770234987,0.10927152317880795,0.10927152317880795,77,28,True
DataSet_03_085,FOXD1,GSE44305,Fibroblast,-2.771563,True,0.31462140992167104,0.3328981723237598,0.12030905077262694,0.1346578366445916,6,0,False
DataSet_03_086,FOXF2,GSE55675,MCF10A,-0.7526747,False,0.9099216710182768,0.9216710182767625,0.112707182320442,0.1292817679558011,0,4,False
DataSet_03_087,FOXF2,GSE55675,MDA-MB-231,-1.079575,True,0.9242819843342036,0.9425587467362925,0.112707182320442,0.1292817679558011,0,4,False
DataSet_03_090,FOXM1,GSE17543,Vascular smooth muscle cells,-3.169468,True,0.01174934725848564,0.016971279373368148,0.15350389321468297,0.12013348164627363,0,0,False
DataSet_03_091,FOXM1,GSE2222,BT-20 cells,-2.553802,True,0.20365535248041775,0.42297650130548303,0.15350389321468297,0.12013348164627363,1,0,False
DataSet_03_092,FOXM1,GSE66714,SUDHL6 DLBCL,-0.1170544,False,0.6109660574412533,0.9647519582245431,0.15350389321468297,0.12013348164627363,1,0,False
DataSet_03_093,FOXM1,GSE75243,TE1,-1.980335,True,0.21018276762402088,0.25326370757180156,0.15350389321468297,0.12013348164627363,0,0,False
DataSet_03_094,FOXO1,GSE109911,BL41,-0.3286175,False,0.42297650130548303,0.38511749347258484,0.11444444444444445,0.11,0,0,False
DataSet_03_095,FOXO1,GSE109911,Namalwa,-0.1014295,False,0.6449086161879896,0.6266318537859008,0.11444444444444445,0.11,0,0,False
DataSet_03_096,FOXO1,GSE142608,primary human dermal lymphatic endothelial cells,-3.68757,True,0.1227154046997389,0.21671018276762402,0.11444444444444445,0.11,0,0,False
DataSet_03_099,FOXP1,GSE31912,MCF7,-0.422436,False,0.7467362924281984,0.6866840731070496,0.08657047724750278,0.10543840177580466,77,28,True
DataSet_03_100,GATA2,GSE108407,Decidual stromal cells,-1.408143,True,0.08485639686684072,0.06135770234986945,0.06319290465631928,0.05321507760532151,0,0,False
DataSet_03_101,GATA2,GSE110726,Lymphatic endothelial cells,-0.8610377,False,0.7845953002610966,0.741514360313316,0.06319290465631928,0.05321507760532151,0,2,False
DataSet_03_102,GATA3,GSE31912,MCF7,-0.4223427,False,0.5156657963446475,0.7193211488250653,0.07982261640798226,0.06541019955654102,77,26,True
DataSet_03_103,GATA3,GSE95165,MCF7,-0.2760869,False,0.6892950391644909,0.7284595300261096,0.07982261640798226,0.06541019955654102,1,102,True
DataSet_03_104,GATA4,GSE110788,HUH6,-0.4232333,False,0.07702349869451697,0.13577023498694518,0.12292358803986711,0.12846068660022147,0,0,False
DataSet_03_105,GATA4,GSE51706,AGS,0.1391811,False,0.2154046997389034,0.11618798955613577,0.12292358803986711,0.12846068660022147,6,0,False
DataSet_03_106,GATA4,GSE51706,KatoIII,-0.09400658,False,0.0195822454308094,0.028720626631853787,0.12292358803986711,0.12846068660022147,6,0,False
DataSet_03_107,GATA4,GSE51706,YCC3,-0.5560015,False,0.32506527415143605,0.2793733681462141,0.12292358803986711,0.12846068660022147,6,0,False
DataSet_03_108,GATA6,GSE51706,AGS,-1.123892,True,0.3289817232375979,0.16449086161879894,0.13178294573643412,0.15946843853820597,6,0,False
DataSet_03_109,GATA6,GSE51706,KatoIII,-0.8342581,False,0.8198433420365535,0.664490861618799,0.13178294573643412,0.15946843853820597,6,0,False
DataSet_03_110,GATA6,GSE51706,YCC3,-1.090599,True,0.013054830287206266,0.03524804177545692,0.13178294573643412,0.15946843853820597,6,0,False
DataSet_03_113,GRHL3,GSE37049,Primary neonatal keratinocytes,-1.841626,True,0.19451697127937337,0.2597911227154047,0.06961325966850829,0.09834254143646409,0,3,False
DataSet_03_114,HDAC3,GSE31912,MCF7,-1.015974,True,0.7741514360313316,0.8550913838120104,0.11147902869757174,0.11810154525386314,77,28,True
DataSet_03_115,HDAC5,GSE31912,MCF7,-0.1492163,False,0.304177545691906,0.4556135770234987,0.12251655629139073,0.1291390728476821,77,28,True
DataSet_03_116,HES6,GSE22692,A172,-1.285988,True,0.36945169712793735,0.47911227154047,0.07292817679558011,0.03535911602209945,0,0,False
DataSet_03_117,HES6,GSE22692,LN405,-1.006761,True,0.2258485639686684,0.3838120104438642,0.07292817679558011,0.03535911602209945,0,0,False
DataSet_03_118,HIC1,GSE141642,PC3,-0.156872,False,0.643603133159269,0.7741514360313316,0.13922651933701657,0.1580110497237569,0,5,False
DataSet_03_119,HIF1A,GSE31912,MCF7,-1.099027,True,0.11879895561357702,0.08877284595300261,0.19577308120133483,0.19799777530589543,77,26,True
DataSet_03_120,HIF3A,GSE128846,Hep3B,-0.285,False,0.4804177545691906,0.37467362924281983,0.16243093922651933,0.1558011049723757,0,3,False
DataSet_03_121,HIF3A,GSE128847,Hep3B,-0.285,False,0.4804177545691906,0.37467362924281983,0.16243093922651933,0.1558011049723757,0,3,False
DataSet_03_122,HINFP,GSE69148,hTERT-RPE1,-1.047697,True,0.7467362924281984,0.7597911227154047,0.11172566371681415,0.04756637168141593,4,0,False
DataSet_03_123,HINFP,GSE69148,U2OS,-1.642653,True,0.6579634464751958,0.664490861618799,0.11172566371681415,0.04756637168141593,4,1,True
DataSet_03_124,HMGA1,GSE35525,MDA-MB-231,-1.659763,True,0.06657963446475196,0.08616187989556136,0.14380530973451328,0.168141592920354,0,4,False
DataSet_03_125,HMGA2,GSE118857,MDA-MB-231,-0.26651,False,0.12532637075718014,0.10443864229765012,0.09713024282560706,0.08167770419426049,0,4,False
DataSet_03_127,HOXB7,GSE31912,MCF7,-1.154571,True,0.4608355091383812,0.5822454308093995,0.08960176991150443,0.1084070796460177,77,28,True
DataSet_03_129,HSF1,GSE51498,HepG2,-1.158558,True,0.009138381201044387,0.005221932114882507,0.1309655937846837,0.12985571587125416,0,70,False
DataSet_03_130,HSF2,GSE31912,MCF7,-0.3711207,False,0.3785900783289817,0.283289817232376,0.10287610619469026,0.10730088495575221,77,28,True
DataSet_03_132,HTATIP2,GSE66722,LNCaP,1.186701,False,0.42950391644908614,0.1122715404699739,0.08719646799116998,0.10485651214128035,18,17,True
DataSet_03_133,ID1,GSE31912,MCF7,-0.7555343,False,0.9699738903394256,0.9843342036553525,0.09534368070953436,0.07427937915742794,77,28,True
DataSet_03_134,IRF4,GSE22036,Cutaneous T cell lymphoma HuT-102 cells,-0.3101675,False,0.9712793733681462,0.9686684073107049,0.07292817679558011,0.07734806629834254,0,0,False
DataSet_03_137,JARID2,GSE52921,CD34+ cells,0.0,False,0.5300261096605744,0.5234986945169713,0.06291390728476821,0.05739514348785872,0,1,False
DataSet_03_140,JUN,GSE122918,WI38,-0.3678571,False,0.21018276762402088,0.2689295039164491,0.2335928809788654,0.22914349276974416,2,2,True
DataSet_03_141,JUN,GSE144397,WI38,-0.3678571,False,0.2793733681462141,0.3772845953002611,0.2335928809788654,0.22914349276974416,2,2,True
DataSet_03_142,JUN,GSE31912,MCF7,-0.133376,False,0.0391644908616188,0.06135770234986945,0.2335928809788654,0.22914349276974416,77,28,True
DataSet_03_143,JUN,GSE71886,Ma-Mel-15,-1.909138,True,0.013054830287206266,0.014360313315926894,0.2335928809788654,0.22914349276974416,1,1,True
DataSet_03_144,JUND,GSE118123,PC3,-0.843076,False,0.9921671018276762,0.9908616187989556,0.15486725663716813,0.1515486725663717,0,5,False
DataSet_03_145,JUND,GSE31912,MCF7,-0.3783467,False,0.030026109660574413,0.04699738903394256,0.15486725663716813,0.1515486725663717,77,28,True
DataSet_03_148,KLF5,GSE33824,SW480,-1.296036,True,0.01174934725848564,0.0039164490861618795,0.1539313399778516,0.13732004429678848,0,0,False
DataSet_03_149,KLF5,GSE51706,AGS,-1.755019,True,0.06135770234986945,0.2402088772845953,0.1539313399778516,0.13732004429678848,6,0,False
DataSet_03_150,KLF5,GSE51706,KatoIII,-1.362161,True,0.6449086161879896,0.716710182767624,0.1539313399778516,0.13732004429678848,6,0,False
DataSet_03_151,KLF5,GSE51706,YCC3,-1.889237,True,0.34203655352480417,0.4112271540469974,0.1539313399778516,0.13732004429678848,6,0,False
DataSet_03_154,MAF,GSE16356,Lymphatic endothelial cells,-0.4095168,False,0.12532637075718014,0.15013054830287206,0.06740331491712707,0.0718232044198895,0,2,False
DataSet_03_155,MAFB,GSE84617,Monocyte-derived M-CSF macrophages,-2.11,True,0.1618798955613577,0.21671018276762402,0.05518763796909492,0.05518763796909492,0,0,False
DataSet_03_158,MAX,GSE31912,MCF7,-0.7435967,False,0.6227154046997389,0.7180156657963447,0.07955801104972375,0.08397790055248619,77,28,True
DataSet_03_159,MBD2,GSE41003,HeLa,-0.557146,False,0.1906005221932115,0.20496083550913838,0.06622516556291391,0.05739514348785872,1,8,True
DataSet_03_162,MEF2D,GSE37123,Huh7,-0.290221,False,0.8107049608355091,0.45822454308093996,0.07734806629834254,0.06629834254143646,0,0,False
DataSet_03_163,MEF2D,GSE37123,Huh7,-0.257575,False,0.9986945169712794,0.97911227154047,0.07734806629834254,0.06629834254143646,0,0,False
DataSet_03_165,MITF,GSE71798,MZ7,-1.083814,True,0.009138381201044387,0.010443864229765013,0.08351893095768374,0.09020044543429843,0,0,False
DataSet_03_166,MITF,GSE71881,Ma-Mel-15,-0.3236058,False,0.014360313315926894,0.009138381201044387,0.08351893095768374,0.09020044543429843,0,1,False
DataSet_03_167,MITF,GSE71886,Ma-Mel-15,-0.823363,False,0.009138381201044387,0.007832898172323759,0.08351893095768374,0.09020044543429843,1,0,False
DataSet_03_168,MITF,GSE75810,SK-MEL-5,-1.354155,True,0.07571801566579635,0.2519582245430809,0.08351893095768374,0.09020044543429843,0,0,False
DataSet_03_169,MTA2,GSE65915,SGC-7901,0.03567358,False,0.7571801566579635,0.7441253263707572,0.06622516556291391,0.0695364238410596,0,0,False
DataSet_03_170,MYB,GSE13110,CD34+ progenitor cells,-0.9445076,False,0.2885117493472585,0.3524804177545692,0.15478841870824053,0.14699331848552338,0,0,False
DataSet_03_171,MYB,GSE49286,DU145,-0.6296667,False,0.5731070496083551,0.5091383812010444,0.15478841870824053,0.14699331848552338,0,3,False
DataSet_03_172,MYB,GSE49286,LNCaP,-0.6683333,False,0.05221932114882506,0.13577023498694518,0.15478841870824053,0.14699331848552338,0,35,False
DataSet_03_173,MYB,GSE49286,PC-3M,-2.037667,True,0.08746736292428199,0.09399477806788512,0.15478841870824053,0.14699331848552338,0,0,False
DataSet_03_174,MYB,GSE49286,VCaP,-0.504,False,0.4804177545691906,0.43342036553524804,0.15478841870824053,0.14699331848552338,0,6,False
DataSet_03_175,MYB,GSE60299,CD34+ cells,0.0,False,0.024804177545691905,0.02349869451697128,0.15478841870824053,0.14699331848552338,0,1,False
DataSet_03_176,MYBL2,GSE31912,MCF7,-0.6604487,False,0.7702349869451697,0.5953002610966057,0.1712707182320442,0.11712707182320442,77,28,True
DataSet_03_177,MYC,GSE104175,HT29,-0.2595187,False,0.0013054830287206266,0.0013054830287206266,0.3741648106904232,0.3741648106904232,0,1,False
DataSet_03_178,MYC,GSE22139,DAOY M2.1,-1.985984,True,0.0013054830287206266,0.0013054830287206266,0.3741648106904232,0.3741648106904232,0,0,False
DataSet_03_179,MYC,GSE30726,B-cell lymphoma cell line BL41,-0.55,False,0.0013054830287206266,0.0013054830287206266,0.3741648106904232,0.3741648106904232,0,0,False
DataSet_03_180,MYC,GSE30726,B-cell lymphoma cell line Blue1,-1.0,False,0.0013054830287206266,0.0013054830287206266,0.3741648106904232,0.3741648106904232,0,0,False
DataSet_03_181,MYC,GSE30726,B-cell lymphoma cell lines Raji,-0.95,False,0.0013054830287206266,0.0013054830287206266,0.3741648106904232,0.3741648106904232,0,0,False
DataSet_03_182,MYC,GSE31912,MCF7,-0.093548,False,0.04177545691906005,0.02349869451697128,0.3741648106904232,0.3741648106904232,77,28,True
DataSet_03_183,MYCN,GSE121529,CHP-134,-0.5620215,False,0.05352480417754569,0.06527415143603134,0.23136818687430477,0.22246941045606228,0,0,False
DataSet_03_184,MYCN,GSE121530,CHP-134,-0.5620215,False,0.05352480417754569,0.06527415143603134,0.23136818687430477,0.22246941045606228,0,0,False
DataSet_03_185,MYCN,GSE45967,SKNBE2,-0.773464,False,0.020887728459530026,0.02741514360313316,0.23136818687430477,0.22246941045606228,2,0,False
DataSet_03_186,MYCN,GSE49854,NB1691,-0.401916,False,0.34986945169712796,0.21409921671018275,0.23136818687430477,0.22246941045606228,2,0,False
DataSet_03_187,MYCN,GSE71060,BE(2)C cells,0.0,False,0.005221932114882507,0.0039164490861618795,0.23136818687430477,0.22246941045606228,0,2,False
DataSet_03_188,MYCN,GSE71061,BE(2)C cells,0.0,False,0.016971279373368148,0.006527415143603133,0.23136818687430477,0.22246941045606228,0,2,False
DataSet_03_189,NCOA1,GSE66722,LNCaP,-3.616286,True,0.005221932114882507,0.03655352480417755,0.08278145695364239,0.08940397350993377,18,17,True
DataSet_03_190,NCOA2,GSE66722,LNCaP,-2.297202,True,0.010443864229765013,0.0835509138381201,0.08167770419426049,0.0728476821192053,18,17,True
DataSet_03_191,NCOA3,GSE66722,LNCaP,-1.881659,True,0.8746736292428199,0.720626631853786,0.1335540838852097,0.09933774834437085,18,17,True
DataSet_03_192,NCOR1,GSE60722,LNCaP,-1.994582,True,0.12924281984334204,0.033942558746736295,0.11810154525386314,0.09271523178807947,0,35,False
DataSet_03_193,NCOR2,GSE31912,MCF7,-0.1156823,False,0.9216710182767625,0.9373368146214099,0.09381898454746136,0.09161147902869757,77,28,True
DataSet_03_194,NFAT5,GSE22956,Primary fibroblast-like synoviocytes,-0.9200657,False,0.05483028720626632,0.050913838120104436,0.07734806629834254,0.07624309392265194,0,0,False
DataSet_03_195,NFAT5,GSE22956,HUVEC,-0.3624065,False,0.23759791122715404,0.22845953002610966,0.07734806629834254,0.07624309392265194,0,10,False
DataSet_03_196,NFKB1,GSE31912,MCF7,-0.717183,False,0.9242819843342036,0.8237597911227154,0.2334070796460177,0.2323008849557522,77,28,True
DataSet_03_197,NFKB1,GSE75003,U251,-0.7290067,False,0.3577023498694517,0.4073107049608355,0.2334070796460177,0.2323008849557522,1,1,True
DataSet_03_198,NFYB,GSE66714,SUDHL6 DLBCL,-0.1315985,False,0.97911227154047,0.9569190600522193,0.06755260243632337,0.07087486157253599,1,0,False
DataSet_03_202,NR2F2,GSE107469,Primary eutopic stromal cells,-1.622046,True,0.006527415143603133,0.0026109660574412533,0.08888888888888889,0.09777777777777778,0,0,False
DataSet_03_203,NR4A3,GSE86924,1.1B4,-0.3285183,False,0.2819843342036554,0.4412532637075718,0.11479028697571744,0.12472406181015452,0,0,False
DataSet_03_205,PARK7,GSE66722,LNCaP,-4.931629,True,0.4934725848563969,0.3968668407310705,0.10816777041942605,0.1291390728476821,18,17,True
DataSet_03_206,PAX3,GSE31912,MCF7,0.1763082,False,0.6879895561357703,0.7493472584856397,0.11406423034330011,0.11406423034330011,77,28,True
DataSet_03_207,PBX1,GSE28006,MCF7,-1.86539,True,0.7101827676240209,0.5013054830287206,0.04756637168141593,0.05641592920353982,0,104,False
DataSet_03_208,PBX1,GSE36928,LTED,-1.237863,True,0.6814621409921671,0.720626631853786,0.04756637168141593,0.05641592920353982,0,0,False
DataSet_03_209,PBX1,GSE39418,MCF7,-1.123829,True,0.8263707571801566,0.587467362924282,0.04756637168141593,0.05641592920353982,0,104,False
DataSet_03_214,PPARG,GSE88768,GM-CSF Macrophage,-1.296667,True,0.0195822454308094,0.02349869451697128,0.1434878587196468,0.16556291390728478,0,0,False
DataSet_03_216,PRRX1,GSE44305,Fibroblast,0.1592089,False,0.6135770234986945,0.5900783289817232,0.11602209944751381,0.09944751381215469,6,0,False
DataSet_03_217,PRRX1,GSE97426,691-MES,-1.515082,True,0.7036553524804178,0.7271540469973891,0.11602209944751381,0.09944751381215469,0,0,False
DataSet_03_218,RARA,GSE22213,MCF7,-0.436932,False,0.9960835509138382,0.9712793733681462,0.08287292817679558,0.10607734806629834,0,104,False
DataSet_03_219,RB1,GSE31912,MCF7,-0.491721,False,0.5744125326370757,0.5248041775456919,0.09050772626931568,0.06181015452538632,77,28,True
DataSet_03_222,RELA,GSE122918,WI38,-1.321429,True,0.015665796344647518,0.016971279373368148,0.21087680355160932,0.1864594894561598,2,2,True
DataSet_03_223,RELA,GSE144397,WI38,-1.413095,True,0.006527415143603133,0.009138381201044387,0.21087680355160932,0.1864594894561598,2,2,True
DataSet_03_224,RELA,GSE31912,MCF7,-0.7412863,False,0.044386422976501305,0.050913838120104436,0.21087680355160932,0.1864594894561598,77,28,True
DataSet_03_225,RELB,GSE35463,MiaPaCa2,-1.64003,True,0.22845953002610966,0.050913838120104436,0.10188261351052048,0.07198228128460686,0,0,False
DataSet_03_226,RELB,GSE62815,SKOV3,0.03642267,False,0.5718015665796344,0.5378590078328982,0.10188261351052048,0.07198228128460686,0,3,False
DataSet_03_227,RELB,GSE97783,HaCaT,-0.6780348,False,0.45039164490861616,0.737597911227154,0.10188261351052048,0.07198228128460686,0,3,False
DataSet_03_228,REST,GSE43033,H295R/TR,-1.235054,True,0.0013054830287206266,0.0013054830287206266,0.24750277469478357,0.2730299667036626,1,0,False
DataSet_03_229,SATB1,GSE17241,CD4+ T cells,-1.656688,True,0.005221932114882507,0.02610966057441253,0.08960176991150443,0.08628318584070796,0,8,False
DataSet_03_230,SATB1,GSE17241,CD4+ T cells,-0.6245175,False,0.9843342036553525,0.9751958224543081,0.08960176991150443,0.08628318584070796,0,8,False
DataSet_03_231,SATB1,GSE17241,CD4+ T cells,-0.4411841,False,0.3002610966057441,0.11879895561357702,0.08960176991150443,0.08628318584070796,0,8,False
DataSet_03_234,SMAD7,GSE31912,MCF7,-0.2742983,False,0.6866840731070496,0.6501305483028721,0.1390728476821192,0.15121412803532008,77,28,True
DataSet_03_235,SMARCA4,GSE66722,LNCaP,-2.833681,True,0.9503916449086162,0.9804177545691906,0.1005524861878453,0.07955801104972375,18,17,True
DataSet_03_236,SMARCC1,GSE66722,LNCaP,-2.48754,True,0.6932114882506527,0.7010443864229765,0.06070640176600441,0.04746136865342163,18,17,True
DataSet_03_237,SOX11,GSE104937,NHLF,-2.317003,True,0.20496083550913838,0.15926892950391644,0.05758582502768549,0.06533776301218161,0,0,False
DataSet_03_238,SOX11,GSE124781,NHLF,-3.157368,True,0.1866840731070496,0.1462140992167102,0.05758582502768549,0.06533776301218161,0,0,False
DataSet_03_239,SOX11,GSE25621,Granta 519,-2.349537,True,0.0013054830287206266,0.0013054830287206266,0.05758582502768549,0.06533776301218161,0,0,False
DataSet_03_240,SOX2,GSE48871,H520,-0.6489913,False,0.4464751958224543,0.40339425587467365,0.07700892857142858,0.07700892857142858,0,0,False
DataSet_03_241,SOX2,GSE48871,LK2,-2.290736,True,0.43733681462140994,0.4765013054830287,0.07700892857142858,0.07700892857142858,0,0,False
DataSet_03_242,SOX2,GSE59234,2102Ep,-3.135283,True,0.050913838120104436,0.25718015665796345,0.07700892857142858,0.07700892857142858,0,0,False
DataSet_03_243,SOX2,GSE59234,NTera-2,-0.6449,False,0.02349869451697128,0.2010443864229765,0.07700892857142858,0.07700892857142858,0,0,False
DataSet_03_244,SOX2,GSE79065,TCam-2,-3.879367,True,0.009138381201044387,0.02349869451697128,0.07700892857142858,0.07700892857142858,0,0,False
DataSet_03_245,SOX2,GSE79302,GSC-11,-0.5578698,False,0.3093994778067885,0.15796344647519583,0.07700892857142858,0.07700892857142858,0,0,False
DataSet_03_246,SOX4,GSE38021,ST1,-1.275064,True,0.8746736292428199,0.8890339425587467,0.07419712070874862,0.07198228128460686,0,0,False
DataSet_03_247,SOX4,GSE79202,MDA-LM2,-0.2811627,False,0.07702349869451697,0.08093994778067885,0.07419712070874862,0.07198228128460686,0,1,False
DataSet_03_248,SOX9,GSE143477,HepG2,-0.8678247,False,0.8015665796344648,0.8172323759791122,0.10287610619469026,0.09513274336283185,0,70,False
DataSet_03_249,SP1,GSE37935,HeLa,-1.225976,True,0.7702349869451697,0.8772845953002611,0.26496674057649666,0.26718403547671843,0,9,False
DataSet_03_250,SP1,GSE48979,MDA-MB-231,-0.1027342,False,0.9921671018276762,0.9895561357702349,0.26496674057649666,0.26718403547671843,1,3,True
DataSet_03_251,SP1,GSE55563,OVSAYO,-3.774837,True,0.10966057441253264,0.06657963446475196,0.26496674057649666,0.26718403547671843,0,0,False
DataSet_03_253,SPIB,GSE50015,OCI-Ly3,-1.325308,True,0.35117493472584854,0.4751958224543081,0.09602649006622517,0.09271523178807947,0,0,False
DataSet_03_254,SRF,GSE22606,LNCaP,-0.7442458,False,0.6840731070496083,0.6801566579634465,0.112707182320442,0.10386740331491713,0,35,False
DataSet_03_255,SSRP1,GSE71059,BE(2)C cells,-1.9457,True,0.5835509138381201,0.6906005221932114,0.1390728476821192,0.1434878587196468,0,3,False
DataSet_03_256,STAT1,GSE31912,MCF7,-1.1724,True,0.11488250652741515,0.1906005221932115,0.18555555555555556,0.16777777777777778,77,28,True
DataSet_03_257,STAT1,GSE84693,Huh-7.5,0.0,False,0.3093994778067885,0.24412532637075718,0.18555555555555556,0.16777777777777778,0,0,False
DataSet_03_258,STAT3,GSE132561,hESC,-1.738924,True,0.04960835509138381,0.0639686684073107,0.16201117318435754,0.1441340782122905,0,1,False
DataSet_03_259,STAT3,GSE17482,CWR22Rv1,-1.056171,True,0.5613577023498695,0.4216710182767624,0.16201117318435754,0.1441340782122905,0,2,False
DataSet_03_260,STAT3,GSE17482,DU145,-1.398193,True,0.7349869451697127,0.8028720626631853,0.16201117318435754,0.1441340782122905,0,2,False
DataSet_03_261,STAT3,GSE20597,SKOV3,-1.941823,True,0.02741514360313316,0.04046997389033943,0.16201117318435754,0.1441340782122905,0,3,False
DataSet_03_262,STAT3,GSE66722,LNCaP,-3.033125,True,0.9751958224543081,0.9543080939947781,0.16201117318435754,0.1441340782122905,18,17,True
DataSet_03_263,STAT5B,GSE31912,MCF7,-0.3297457,False,0.9138381201044387,0.9281984334203656,0.0673289183222958,0.076158940397351,77,28,True
DataSet_03_264,STAT6,GSE28117,HUVEC,-1.961393,True,0.9321148825065274,0.9595300261096605,0.0975609756097561,0.0942350332594235,0,10,False
DataSet_03_265,TBX3,GSE44305,Fibroblast,-0.9576142,False,0.10966057441253264,0.06657963446475196,0.18543046357615894,0.1534216335540839,6,0,False
DataSet_03_267,TCF7L1,GSE69911,H9,-2.212681,True,0.06657963446475196,0.814621409921671,0.10165745856353592,0.045303867403314914,0,2,False
DataSet_03_269,TET1,GSE51901,NCCIT,-0.6836,False,0.5835509138381201,0.6945169712793734,0.04856512141280353,0.04746136865342163,2,0,False
DataSet_03_274,TFAP2C,GSE8640,MCF7,-1.867441,True,0.10052219321148825,0.17232375979112272,0.10852713178294573,0.08748615725359911,0,103,False
DataSet_03_275,TFE3,GSE23614,UOK257-2,-1.444595,True,0.0926892950391645,0.17362924281984335,0.10264900662251655,0.10154525386313466,1,0,False
DataSet_03_277,TP53,GSE31912,MCF7,-1.072749,True,0.29112271540469975,0.20234986945169714,0.1318435754189944,0.1329608938547486,77,28,True
DataSet_03_278,TP53,GSE56640,Neonatal foreskin keratinocytes,0.5933867,False,0.9947780678851175,0.9869451697127938,0.1318435754189944,0.1329608938547486,1,0,False
DataSet_03_279,TP53,GSE73665,MM1S,0.0,False,0.010443864229765013,0.0195822454308094,0.1318435754189944,0.1329608938547486,0,0,False
DataSet_03_280,TP53,GSE73665,MOLP8,0.0,False,0.0013054830287206266,0.0039164490861618795,0.1318435754189944,0.1329608938547486,0,0,False
DataSet_03_281,TP63,GSE33495,Primary neonatal keratinocytes,-0.371319,False,0.0926892950391645,0.0731070496083551,0.14719101123595504,0.14157303370786517,0,3,False
DataSet_03_282,TP63,GSE56640,Neonatal foreskin keratinocytes,1.47054,False,0.4425587467362924,0.34203655352480417,0.14719101123595504,0.14157303370786517,1,0,False
DataSet_03_283,TWIST1,GSE76158,MSCs,-0.4190174,False,0.1370757180156658,0.35900783289817234,0.08970099667774087,0.07973421926910298,0,0,False
DataSet_03_284,TWIST2,GSE44305,Fibroblast,-2.501369,True,0.195822454308094,0.54177545691906,0.0739514348785872,0.07947019867549669,6,0,False
DataSet_03_285,WT1,GSE31912,MCF7,-0.2026673,False,0.8054830287206266,0.8903394255874674,0.10386740331491713,0.09944751381215469,77,28,True
DataSet_03_287,ZHX2,GSE110094,786-O,-1.334165,True,0.31201044386422977,0.24673629242819844,0.08167770419426049,0.04194260485651214,0,0,False
DataSet_03_290,ZNF263,GSE19146,HelaS3,-0.3459046,False,0.7101827676240209,0.7924281984334204,0.056291390728476824,0.059602649006622516,0,0,False
DataSet_04_005,CTCF,ENCSR613LSQ,K562,-0.6526849,False,0.5443864229765013,0.577023498694517,0.06541019955654102,0.06762749445676275,0,185,False
DataSet_04_007,E4F1,ENCSR916PCG,K562,-0.324756,False,0.4073107049608355,0.4086161879895561,0.11823204419889503,0.0861878453038674,0,186,False
DataSet_04_013,MECP2,ENCSR665DMA,K562,-0.6693635,False,0.5156657963446475,0.13315926892950392,0.16574585635359115,0.18011049723756906,0,186,False
DataSet_04_014,NFYB,ENCSR171KMM,K562,0.4774806,False,0.07571801566579635,0.06919060052219321,0.06755260243632337,0.07087486157253599,0,185,False
DataSet_04_015,NKRF,ENCSR231PWH,K562,-1.789867,True,0.20757180156657964,0.19451697127937337,0.09381898454746136,0.11368653421633554,0,186,False
DataSet_04_019,SMAD2,ENCSR016WTN,K562,-1.081641,True,0.9543080939947781,0.9086161879895561,0.10520487264673312,0.11074197120708748,0,186,False
DataSet_04_020,SMAD4,ENCSR965MSX,K562,-1.664538,True,0.3368146214099217,0.3342036553524804,0.1504424778761062,0.15597345132743362,0,186,False
DataSet_04_021,SMAD5,ENCSR649MBU,K562,-0.7658599,False,0.0026109660574412533,0.0026109660574412533,0.15486725663716813,0.12389380530973451,0,185,False
DataSet_04_022,STAT1,ENCSR184VVN,K562,-1.722998,True,0.8707571801566579,0.9373368146214099,0.18555555555555556,0.16777777777777778,0,185,False
DataSet_04_024,YBX1,ENCSR659UXO,K562,-1.881032,True,0.5678851174934726,0.4281984334203655,0.10479375696767002,0.09810479375696766,0,186,False
DataSet_04_029,CTCF,ENCSR871XPX,HepG2,-0.3007541,False,0.1566579634464752,0.12532637075718014,0.06541019955654102,0.06762749445676275,0,70,False
DataSet_04_030,E4F1,ENCSR308EYT,HepG2,-0.2392662,False,0.4621409921671018,0.42297650130548303,0.11823204419889503,0.0861878453038674,0,70,False
DataSet_04_033,MECP2,ENCSR266XKN,HepG2,-0.423964,False,0.36945169712793735,0.4177545691906005,0.16574585635359115,0.18011049723756906,0,70,False
DataSet_04_034,NFX1,ENCSR548ORV,HepG2,-0.6066793,False,0.3472584856396867,0.38511749347258484,0.0728476821192053,0.0772626931567329,0,70,False
DataSet_04_036,SMAD2,ENCSR036ANR,HepG2,-1.559244,True,0.5861618798955613,0.5913838120104439,0.10520487264673312,0.11074197120708748,0,70,False
DataSet_04_037,SMAD4,ENCSR700FWD,HepG2,-1.404555,True,0.1370757180156658,0.24804177545691905,0.1504424778761062,0.15597345132743362,0,70,False
DataSet_04_038,SMAD5,ENCSR383QYT,HepG2,-0.8974748,False,0.10182767624020887,0.10182767624020887,0.15486725663716813,0.12389380530973451,0,70,False
DataSet_04_041,YBX1,ENCSR548OTL,HepG2,-2.02517,True,0.07049608355091384,0.0926892950391645,0.10479375696767002,0.09810479375696766,0,70,False
