exp,tf,rank,frac,fam_rank,size,max_jac,top_nb,miss,fam_miss
DataSet_01_006,PROX1,122.0,0.15926892950391644,2.0,34,0.07758620689655173,SOX2,True,True
DataSet_01_007,NR2F2,205.0,0.26762402088772846,1.0,79,0.20175438596491227,NR2F1,True,False
DataSet_01_008,WT1,320.0,0.4177545691906005,6.0,156,0.11255411255411256,EGR1,True,True
DataSet_01_010,TP53,7.0,0.009138381201044387,1.0,980,0.1970649895178197,SP1,False,False
DataSet_01_011,TP53,217.0,0.283289817232376,1.0,980,0.1970649895178197,SP1,True,False
DataSet_01_012,FLI1,125.0,0.16318537859007834,3.0,97,0.31932773109243695,EWSR1,True,True
DataSet_01_013,FLI1,17.0,0.022193211488250653,2.0,97,0.31932773109243695,EWSR1,False,True
DataSet_01_014,FLI1,85.0,0.11096605744125326,3.0,97,0.31932773109243695,EWSR1,True,True
DataSet_01_015,FLI1,170.0,0.22193211488250653,2.0,97,0.31932773109243695,EWSR1,True,True
DataSet_01_016,FLI1,13.0,0.016971279373368148,2.0,97,0.31932773109243695,EWSR1,False,True
DataSet_01_017,ERG,124.0,0.1618798955613577,1.0,59,0.09090909090909091,FLI1,True,False
DataSet_01_018,YY1,455.0,0.5939947780678851,2.0,266,0.11396468699839486,NFKB1,True,True
DataSet_01_021,STAT1,11.0,0.014360313315926894,2.0,305,0.1967741935483871,STAT3,False,True
DataSet_01_025,MITF,3.0,0.0039164490861618795,1.0,112,0.09770114942528736,ID1,False,False
DataSet_01_026,PAX3,59.0,0.07702349869451697,1.0,116,0.08203125,SP3,False,False
DataSet_01_027,PAX3,99.0,0.12924281984334204,1.0,116,0.08203125,SP3,True,False
DataSet_01_030,RELA,1.0,0.0013054830287206266,1.0,560,0.5608214849921012,NFKB1,False,False
DataSet_01_031,TP53,20.0,0.02610966057441253,5.0,980,0.1970649895178197,SP1,False,True
DataSet_01_033,ATF3,179.0,0.23368146214099217,4.0,110,0.14754098360655737,DDIT3,True,True
DataSet_01_034,EGR3,39.0,0.050913838120104436,2.0,32,0.09302325581395349,HAND1,False,True
DataSet_01_036,ETV1,751.0,0.9804177545691906,5.0,22,0.1,ZBTB33,True,True
DataSet_01_037,TP53,561.0,0.7323759791122716,6.0,980,0.1970649895178197,SP1,True,True
DataSet_01_038,TP53,2.0,0.0026109660574412533,1.0,980,0.1970649895178197,SP1,False,False
DataSet_01_042,POU5F1,1.0,0.0013054830287206266,1.0,95,0.21875,NANOG,False,False
DataSet_01_044,MYB,19.0,0.024804177545691905,1.0,183,0.13513513513513514,ETS2,False,False
DataSet_01_049,STAT3,211.0,0.2754569190600522,1.0,437,0.1967741935483871,STAT1,True,False
DataSet_01_051,RARA,762.0,0.9947780678851175,6.0,187,0.15503875968992248,RXRA,True,True
DataSet_01_053,TFAP2C,2.0,0.0026109660574412533,1.0,35,0.08695652173913043,RARG,False,False
DataSet_01_058,BACH1,1.0,0.0013054830287206266,1.0,16,0.15,NFE2L3,False,False
DataSet_01_059,BACH1,1.0,0.0013054830287206266,1.0,16,0.15,NFE2L3,False,False
DataSet_01_060,NFE2L2,2.0,0.0026109660574412533,1.0,204,0.10486891385767791,NRF1,False,False
DataSet_01_068,TP53,44.0,0.057441253263707574,1.0,980,0.1970649895178197,SP1,False,False
DataSet_01_071,ELF5,323.0,0.4216710182767624,1.0,11,0.07317073170731707,ELF3,True,False
DataSet_01_073,ZNF148,2.0,0.0026109660574412533,1.0,31,0.09090909090909091,VENTX,False,False
DataSet_01_074,CEBPD,178.0,0.23237597911227154,4.0,97,0.16602316602316602,CEBPG,True,True
DataSet_01_075,CEBPZ,400.0,0.5221932114882507,3.0,19,0.1,ID3,True,True
DataSet_01_076,ETS1,339.0,0.4425587467362924,1.0,216,0.2111111111111111,ETS2,True,False
DataSet_01_077,FOXM1,188.0,0.2454308093994778,3.0,97,0.12605042016806722,ONECUT1,True,True
DataSet_01_078,HSF2,77.0,0.10052219321148825,1.0,26,0.15625,HSF4,True,False
DataSet_01_079,MITF,120.0,0.1566579634464752,2.0,112,0.09770114942528736,ID1,True,True
DataSet_01_080,RELA,30.0,0.0391644908616188,6.0,560,0.5608214849921012,NFKB1,False,True
DataSet_01_081,SP1,1.0,0.0013054830287206266,1.0,1304,0.2903703703703704,SP3,False,False
DataSet_01_083,STAT1,221.0,0.2885117493472585,6.0,305,0.1967741935483871,STAT3,True,True
DataSet_01_084,STAT3,99.0,0.12924281984334204,2.0,437,0.1967741935483871,STAT1,True,True
DataSet_01_085,STAT6,183.0,0.23890339425587467,3.0,127,0.13432835820895522,BCL6,True,True
DataSet_01_086,HIF1A,1.0,0.0013054830287206266,1.0,463,0.16429495472186287,STAT3,False,False
DataSet_01_088,FOXP1,55.0,0.07180156657963446,1.0,33,0.12195121951219512,HOXB13,False,False
DataSet_01_089,NR2F2,348.0,0.45430809399477806,4.0,79,0.20175438596491227,NR2F1,True,True
DataSet_01_090,NR2F2,328.0,0.4281984334203655,1.0,79,0.20175438596491227,NR2F1,True,False
DataSet_01_091,ETV6,749.0,0.9778067885117493,6.0,27,0.09615384615384616,KLF1,True,True
DataSet_01_094,NANOG,58.0,0.07571801566579635,2.0,61,0.21875,POU5F1,False,True
DataSet_01_095,POU5F1,6.0,0.007832898172323759,1.0,95,0.21875,NANOG,False,False
DataSet_01_096,SOX2,1.0,0.0013054830287206266,1.0,91,0.19230769230769232,POU5F1,False,False
DataSet_01_098,SALL4,48.0,0.06266318537859007,1.0,21,0.10714285714285714,FEZF1,False,False
DataSet_01_099,FOS,677.0,0.8838120104438643,1.0,344,0.31675392670157065,JUN,True,False
DataSet_01_101,IRF6,98.0,0.1279373368146214,2.0,16,0.1,PAWR,True,True
DataSet_01_103,HNF1B,14.0,0.018276762402088774,2.0,65,0.1724137931034483,ONECUT1,False,True
DataSet_01_105,FOXA1,38.0,0.04960835509138381,1.0,70,0.19883040935672514,FOXA2,False,False
DataSet_01_112,HSF1,184.0,0.2402088772845953,2.0,103,0.1415929203539823,HSF2,True,True
DataSet_01_114,ARID1A,605.0,0.7898172323759791,6.0,8,0.21428571428571427,PBRM1,True,True
DataSet_01_117,ID1,607.0,0.7924281984334204,4.0,79,0.19791666666666666,ID3,True,True
DataSet_01_118,ID1,64.0,0.0835509138381201,2.0,79,0.19791666666666666,ID3,False,True
DataSet_01_121,ZIC2,397.0,0.5182767624020888,4.0,7,0.14285714285714285,MEIS2,True,True
DataSet_01_123,ZNF91,360.0,0.4699738903394256,4.0,49,0.08620689655172414,ZKSCAN7,True,True
DataSet_01_132,EGR4,40.0,0.05221932114882506,1.0,15,0.10526315789473684,HIVEP3,False,False
DataSet_01_135,SPDEF,38.0,0.04960835509138381,1.0,20,0.13636363636363635,PA2G4,False,False
DataSet_01_136,REST,1.0,0.0013054830287206266,1.0,75,0.0625,NR4A2,False,False
DataSet_01_138,IKZF1,741.0,0.9673629242819843,6.0,52,0.12,STAT4,True,True
DataSet_01_142,LEF1,22.0,0.028720626631853787,2.0,120,0.17302798982188294,CTNNB1,False,True
DataSet_01_145,REST,1.0,0.0013054830287206266,1.0,75,0.0625,NR4A2,False,False
DataSet_01_147,EHF,300.0,0.391644908616188,4.0,13,0.125,VENTX,True,True
DataSet_01_148,MYBL2,71.0,0.0926892950391645,2.0,53,0.11320754716981132,MYB,False,True
DataSet_01_149,ETS2,644.0,0.8407310704960835,5.0,111,0.2111111111111111,ETS1,True,True
DataSet_01_150,TFAP2C,3.0,0.0039164490861618795,1.0,35,0.08695652173913043,RARG,False,False
DataSet_01_151,TEAD4,27.0,0.03524804177545692,1.0,12,0.125,HIF3A,False,False
DataSet_01_154,STAT1,316.0,0.412532637075718,6.0,305,0.1967741935483871,STAT3,True,True
DataSet_01_155,HSF1,6.0,0.007832898172323759,2.0,103,0.1415929203539823,HSF2,False,True
DataSet_01_156,HIF1A,109.0,0.1422976501305483,1.0,463,0.16429495472186287,STAT3,True,False
DataSet_01_162,ELK1,226.0,0.2950391644908616,2.0,61,0.11258278145695365,SRF,True,True
DataSet_01_164,JUN,19.0,0.024804177545691905,1.0,662,0.4134831460674157,AP1,False,False
DataSet_01_165,MAF,21.0,0.02741514360313316,2.0,65,0.11494252873563218,STAT4,False,True
DataSet_01_166,NFATC3,531.0,0.6932114882506527,6.0,41,0.12,NFATC4,True,True
DataSet_01_168,STAT3,2.0,0.0026109660574412533,1.0,437,0.1967741935483871,STAT1,False,False
DataSet_01_169,HOXB7,86.0,0.1122715404699739,1.0,23,0.10344827586206896,HOXA11,True,False
DataSet_01_170,HOXB7,739.0,0.9647519582245431,5.0,23,0.10344827586206896,HOXA11,True,True
DataSet_01_171,FOSL1,401.0,0.5234986945169713,3.0,51,0.19402985074626866,JUNB,True,True
DataSet_01_173,ESRRG,96.0,0.12532637075718014,2.0,29,0.18181818181818182,ESRRA,True,True
DataSet_01_175,TP53,4.0,0.005221932114882507,1.0,980,0.1970649895178197,SP1,False,False
DataSet_01_176,NR2F2,14.0,0.018276762402088774,1.0,79,0.20175438596491227,NR2F1,False,False
DataSet_01_177,NR2F2,15.0,0.0195822454308094,1.0,79,0.20175438596491227,NR2F1,False,False
DataSet_01_180,STAT3,735.0,0.9595300261096605,1.0,437,0.1967741935483871,STAT1,True,False
DataSet_01_183,TP63,26.0,0.033942558746736295,1.0,206,0.21611721611721613,TP73,False,False
DataSet_01_184,STAT3,4.0,0.005221932114882507,1.0,437,0.1967741935483871,STAT1,False,False
DataSet_01_185,TCF4,586.0,0.7650130548302873,4.0,58,0.18243243243243243,TCF7L2,True,True
DataSet_01_189,SPDEF,175.0,0.22845953002610966,2.0,20,0.13636363636363635,PA2G4,True,True
DataSet_01_192,AR,276.0,0.360313315926893,2.0,514,0.17023445463812437,ESR1,True,True
DataSet_01_196,TP63,87.0,0.11357702349869452,2.0,206,0.21611721611721613,TP73,True,True
DataSet_01_198,TP63,58.0,0.07571801566579635,2.0,206,0.21611721611721613,TP73,False,True
DataSet_01_200,TP63,178.0,0.23237597911227154,1.0,206,0.21611721611721613,TP73,True,False
DataSet_01_203,XBP1,150.0,0.195822454308094,2.0,57,0.12745098039215685,ATF6,True,True
DataSet_01_204,XBP1,17.0,0.022193211488250653,2.0,57,0.12745098039215685,ATF6,False,True
DataSet_01_211,REST,1.0,0.0013054830287206266,1.0,75,0.0625,NR4A2,False,False
DataSet_01_213,SOX11,91.0,0.11879895561357702,2.0,12,0.058823529411764705,POU4F3,True,True
DataSet_01_214,BCLAF1,16.0,0.020887728459530026,1.0,9,0.07692307692307693,TBX10,False,False
DataSet_01_217,TAL1,65.0,0.08485639686684072,2.0,96,0.09565217391304348,LMO2,False,True
DataSet_01_220,HIF1A,9.0,0.01174934725848564,1.0,463,0.16429495472186287,STAT3,False,False
DataSet_01_222,KLF9,335.0,0.43733681462140994,2.0,26,0.1111111111111111,KLF13,True,True
DataSet_01_223,FOXM1,33.0,0.04308093994778068,1.0,97,0.12605042016806722,ONECUT1,False,False
DataSet_01_224,HIF1A,22.0,0.028720626631853787,1.0,463,0.16429495472186287,STAT3,False,False
DataSet_01_226,KLF2,341.0,0.4451697127937337,3.0,67,0.1111111111111111,SIRT1,True,True
DataSet_01_228,HIF1A,11.0,0.014360313315926894,1.0,463,0.16429495472186287,STAT3,False,False
DataSet_01_233,FOXA1,111.0,0.14490861618798956,1.0,70,0.19883040935672514,FOXA2,True,False
DataSet_01_238,NFYB,67.0,0.08746736292428199,1.0,40,0.46511627906976744,NFYC,False,False
DataSet_01_244,ETS1,24.0,0.031331592689295036,2.0,216,0.2111111111111111,ETS2,False,True
DataSet_01_246,TLX1,33.0,0.04308093994778068,2.0,10,0.09523809523809523,GFI1B,False,True
DataSet_01_247,GATA6,47.0,0.06135770234986945,1.0,85,0.12690355329949238,GATA4,False,False
DataSet_01_248,SMAD2,138.0,0.1801566579634465,1.0,108,0.3686635944700461,SMAD3,True,False
DataSet_01_255,YBX1,387.0,0.5052219321148825,6.0,92,0.08620689655172414,FOXM1,True,True
DataSet_01_256,YBX1,22.0,0.028720626631853787,2.0,92,0.08620689655172414,FOXM1,False,True
DataSet_01_257,YBX1,516.0,0.6736292428198434,6.0,92,0.08620689655172414,FOXM1,True,True
DataSet_01_258,YBX1,57.0,0.07441253263707572,1.0,92,0.08620689655172414,FOXM1,False,False
DataSet_01_260,SOX4,18.0,0.02349869451697128,1.0,24,0.075,PML,False,False
DataSet_01_261,NFKB2,53.0,0.06919060052219321,2.0,77,0.3333333333333333,RELB,False,True
DataSet_01_267,FOXO3,160.0,0.20887728459530025,2.0,197,0.21065989847715735,FOXO1,True,True
DataSet_01_269,SIX4,438.0,0.5718015665796344,4.0,8,0.15384615384615385,MKX,True,True
DataSet_01_277,SALL4,194.0,0.25326370757180156,1.0,21,0.10714285714285714,FEZF1,True,False
DataSet_01_280,ESRRA,108.0,0.1409921671018277,2.0,49,0.18181818181818182,ESRRG,True,True
DataSet_01_281,MSX1,114.0,0.14882506527415143,3.0,27,0.1388888888888889,LHX3,True,True
DataSet_01_282,IRF7,245.0,0.3198433420365535,5.0,34,0.3148148148148148,IRF5,True,True
DataSet_01_283,AHR,24.0,0.031331592689295036,1.0,194,0.1688888888888889,ARNT,False,False
DataSet_01_295,TFAP4,354.0,0.4621409921671018,4.0,37,0.08208955223880597,SMAD2,True,True
DataSet_01_299,SOX7,96.0,0.12532637075718014,4.0,6,0.09090909090909091,SOX18,True,True
DataSet_01_300,SOX17,45.0,0.0587467362924282,1.0,46,0.1282051282051282,SRY,False,False
DataSet_01_304,ETV5,746.0,0.9738903394255874,5.0,23,0.0975609756097561,RORC,True,True
DataSet_01_305,HOXA5,330.0,0.4308093994778068,3.0,16,0.10526315789473684,HOXA4,True,True
DataSet_01_306,NR2E1,180.0,0.2349869451697128,2.0,17,0.09090909090909091,E2F7,True,True
DataSet_01_308,SOX9,106.0,0.13838120104438642,2.0,106,0.10119047619047619,TWIST1,True,True
DataSet_01_309,SOX9,106.0,0.13838120104438642,2.0,106,0.10119047619047619,TWIST1,True,True
DataSet_01_312,TFAP2C,25.0,0.03263707571801567,1.0,35,0.08695652173913043,RARG,False,False
DataSet_01_318,ELK3,340.0,0.44386422976501305,4.0,28,0.1,KLF17,True,True
DataSet_01_324,MYC,1.0,0.0013054830287206266,1.0,887,0.15890751086281812,TP53,False,False
DataSet_01_327,TP63,12.0,0.015665796344647518,1.0,206,0.21611721611721613,TP73,False,False
DataSet_01_330,TP63,12.0,0.015665796344647518,1.0,206,0.21611721611721613,TP73,False,False
DataSet_01_332,TOX,11.0,0.014360313315926894,1.0,5,0.07692307692307693,CREB3L3,False,False
DataSet_01_333,HOXC6,256.0,0.3342036553524804,4.0,12,0.13333333333333333,HOXD10,True,True
DataSet_01_336,GRHL3,154.0,0.2010443864229765,1.0,30,0.19672131147540983,DLX4,True,False
DataSet_01_337,REST,1.0,0.0013054830287206266,1.0,75,0.0625,NR4A2,False,False
DataSet_01_338,REST,1.0,0.0013054830287206266,1.0,75,0.0625,NR4A2,False,False
DataSet_01_339,KLF4,623.0,0.8133159268929504,5.0,129,0.11971830985915492,SMAD3,True,True
DataSet_01_340,KLF7,349.0,0.4556135770234987,2.0,11,0.18181818181818182,ING4,True,True
DataSet_01_342,KLF7,43.0,0.05613577023498695,2.0,11,0.18181818181818182,ING4,False,True
DataSet_01_347,GATA3,580.0,0.7571801566579635,5.0,192,0.08766233766233766,GATA1,True,True
DataSet_01_348,HIF1A,1.0,0.0013054830287206266,1.0,463,0.16429495472186287,STAT3,False,False
DataSet_01_349,SOX2,5.0,0.006527415143603133,1.0,91,0.19230769230769232,POU5F1,False,False
DataSet_01_354,ELK1,402.0,0.5248041775456919,5.0,61,0.11258278145695365,SRF,True,True
DataSet_01_356,ETV4,641.0,0.8368146214099217,4.0,68,0.12101910828025478,SMAD2,True,True
DataSet_01_357,CDX2,527.0,0.6879895561357703,4.0,78,0.23232323232323232,CDX1,True,True
DataSet_01_360,SOX17,165.0,0.2154046997389034,1.0,46,0.1282051282051282,SRY,True,False
DataSet_02_015,HOXB9,153.0,0.19973890339425587,1.0,7,0.16666666666666666,HDGF,True,False
DataSet_02_016,JUND,14.0,0.018276762402088774,1.0,108,0.21910112359550563,JUNB,False,False
DataSet_02_018,STAT2,58.0,0.07571801566579635,2.0,50,0.2153846153846154,IRF9,False,True
DataSet_02_023,STAT1,686.0,0.8955613577023499,6.0,305,0.1967741935483871,STAT3,True,True
DataSet_02_025,USF2,665.0,0.8681462140992167,4.0,115,0.37349397590361444,USF1,True,True
DataSet_02_026,USF1,590.0,0.7702349869451697,5.0,227,0.37349397590361444,USF2,True,True
DataSet_02_032,NFE2L1,12.0,0.015665796344647518,1.0,9,0.2,MAFG,False,False
DataSet_02_033,TEAD2,613.0,0.8002610966057441,6.0,6,0.15384615384615385,HOXA11,True,True
DataSet_02_039,RELA,1.0,0.0013054830287206266,1.0,560,0.5608214849921012,NFKB1,False,False
DataSet_02_040,TEAD4,568.0,0.741514360313316,5.0,12,0.125,HIF3A,True,True
DataSet_02_042,SP2,429.0,0.5600522193211488,4.0,24,0.1,SPDEF,True,True
DataSet_02_048,SMAD5,5.0,0.006527415143603133,1.0,35,0.2976190476190476,SMAD1,False,False
DataSet_02_054,ATF3,359.0,0.46866840731070497,5.0,110,0.14754098360655737,DDIT3,True,True
DataSet_02_055,DLX1,534.0,0.6971279373368147,5.0,10,0.2222222222222222,DLX2,True,True
DataSet_02_061,RFX5,398.0,0.5195822454308094,2.0,26,0.6428571428571429,RFXANK,True,True
DataSet_02_063,TRIM28,439.0,0.5731070496083551,3.0,6,0.2,TFDP3,True,True
DataSet_02_071,TFDP1,684.0,0.8929503916449086,6.0,31,0.14035087719298245,RB1,True,True
DataSet_02_075,HMGA1,573.0,0.7480417754569191,5.0,74,0.125,HMGA2,True,True
DataSet_02_082,ZBTB33,167.0,0.21801566579634465,2.0,11,0.16666666666666666,SMARCA4,True,True
DataSet_02_104,HDGF,240.0,0.3133159268929504,2.0,7,0.23076923076923078,HIPK2,True,True
DataSet_02_172,ZFX,550.0,0.7180156657963447,5.0,5,0.14285714285714285,HIVEP2,True,True
DataSet_02_185,CTCF,668.0,0.8720626631853786,6.0,147,0.08196721311475409,MYB,True,True
DataSet_02_192,MAX,229.0,0.2989556135770235,3.0,50,0.18181818181818182,MXD1,True,True
DataSet_02_206,ZFX,329.0,0.42950391644908614,3.0,5,0.14285714285714285,HIVEP2,True,True
DataSet_03_004,AR,717.0,0.9360313315926893,4.0,514,0.17023445463812437,ESR1,True,True
DataSet_03_005,AR,595.0,0.7767624020887729,5.0,514,0.17023445463812437,ESR1,True,True
DataSet_03_007,AR,201.0,0.26240208877284593,2.0,514,0.17023445463812437,ESR1,True,True
DataSet_03_013,ARID1A,387.0,0.5052219321148825,5.0,8,0.21428571428571427,PBRM1,True,True
DataSet_03_017,ATF3,625.0,0.8159268929503917,6.0,110,0.14754098360655737,DDIT3,True,True
DataSet_03_018,ATF4,5.0,0.006527415143603133,1.0,128,0.18134715025906736,DDIT3,False,False
DataSet_03_026,BCL6,2.0,0.0026109660574412533,1.0,101,0.14965986394557823,PRDM1,False,False
DataSet_03_049,CEBPB,1.0,0.0013054830287206266,1.0,451,0.26153846153846155,CEBPG,False,False
DataSet_03_056,CTCF,10.0,0.013054830287206266,1.0,147,0.08196721311475409,MYB,False,False
DataSet_03_059,CTNNB1,729.0,0.9516971279373369,6.0,341,0.23450134770889489,TCF7L2,True,True
DataSet_03_060,E2F1,8.0,0.010443864229765013,1.0,315,0.21303258145363407,E2F4,False,False
DataSet_03_063,E2F7,575.0,0.7506527415143603,6.0,7,0.16666666666666666,ARID3A,True,True
DataSet_03_065,EP300,413.0,0.5391644908616188,5.0,74,0.13768115942028986,HDAC1,True,True
DataSet_03_073,ETS1,21.0,0.02741514360313316,1.0,216,0.2111111111111111,ETS2,False,False
DataSet_03_074,ETS1,26.0,0.033942558746736295,1.0,216,0.2111111111111111,ETS2,False,False
DataSet_03_075,ETV6,658.0,0.8590078328981723,6.0,27,0.09615384615384616,KLF1,True,True
DataSet_03_078,FLI1,752.0,0.9817232375979112,6.0,97,0.31932773109243695,EWSR1,True,True
DataSet_03_080,FOXA1,16.0,0.020887728459530026,1.0,70,0.19883040935672514,FOXA2,False,False
DataSet_03_085,FOXD1,243.0,0.31723237597911225,4.0,6,0.15,FOXG1,True,True
DataSet_03_087,FOXF2,708.0,0.9242819843342036,6.0,13,0.10526315789473684,FOXF1,True,True
DataSet_03_090,FOXM1,7.0,0.009138381201044387,1.0,97,0.12605042016806722,ONECUT1,False,False
DataSet_03_091,FOXM1,38.0,0.04960835509138381,1.0,97,0.12605042016806722,ONECUT1,False,False
DataSet_03_093,FOXM1,16.0,0.020887728459530026,1.0,97,0.12605042016806722,ONECUT1,False,False
DataSet_03_096,FOXO1,68.0,0.08877284595300261,2.0,280,0.21065989847715735,FOXO3,False,True
DataSet_03_100,GATA2,42.0,0.05483028720626632,1.0,100,0.1796116504854369,GATA1,False,False
DataSet_03_108,GATA6,206.0,0.2689295039164491,2.0,85,0.12690355329949238,GATA4,True,True
DataSet_03_110,GATA6,5.0,0.006527415143603133,1.0,85,0.12690355329949238,GATA4,False,False
DataSet_03_113,GRHL3,150.0,0.195822454308094,4.0,30,0.19672131147540983,DLX4,True,True
DataSet_03_114,HDAC3,593.0,0.7741514360313316,6.0,27,0.10526315789473684,ID3,True,True
DataSet_03_116,HES6,287.0,0.37467362924281983,2.0,9,0.16666666666666666,ZNF423,True,True
DataSet_03_117,HES6,175.0,0.22845953002610966,2.0,9,0.16666666666666666,ZNF423,True,True
DataSet_03_119,HIF1A,141.0,0.18407310704960836,1.0,463,0.16429495472186287,STAT3,True,False
DataSet_03_122,HINFP,209.0,0.27284595300261094,1.0,10,0.1111111111111111,KDM2A,True,False
DataSet_03_123,HINFP,101.0,0.13185378590078328,1.0,10,0.1111111111111111,KDM2A,True,False
DataSet_03_124,HMGA1,24.0,0.031331592689295036,1.0,74,0.125,HMGA2,False,False
DataSet_03_127,HOXB7,354.0,0.4621409921671018,4.0,23,0.10344827586206896,HOXA11,True,True
DataSet_03_129,HSF1,3.0,0.0039164490861618795,1.0,103,0.1415929203539823,HSF2,False,False
DataSet_03_143,JUN,10.0,0.013054830287206266,1.0,662,0.4134831460674157,AP1,False,False
DataSet_03_148,KLF5,2.0,0.0026109660574412533,1.0,76,0.10810810810810811,KLF4,False,False
DataSet_03_149,KLF5,27.0,0.03524804177545692,1.0,76,0.10810810810810811,KLF4,False,False
DataSet_03_150,KLF5,427.0,0.5574412532637075,3.0,76,0.10810810810810811,KLF4,True,True
DataSet_03_151,KLF5,169.0,0.2206266318537859,2.0,76,0.10810810810810811,KLF4,True,True
DataSet_03_155,MAFB,52.0,0.06788511749347259,1.0,47,0.10891089108910891,MAF,False,False
DataSet_03_165,MITF,7.0,0.009138381201044387,1.0,112,0.09770114942528736,ID1,False,False
DataSet_03_168,MITF,42.0,0.05483028720626632,1.0,112,0.09770114942528736,ID1,False,False
DataSet_03_173,MYB,40.0,0.05221932114882506,1.0,183,0.13513513513513514,ETS2,False,False
DataSet_03_178,MYC,1.0,0.0013054830287206266,1.0,887,0.15890751086281812,TP53,False,False
DataSet_03_189,NCOA1,4.0,0.005221932114882507,1.0,91,0.2116788321167883,NCOA3,False,False
DataSet_03_190,NCOA2,4.0,0.005221932114882507,1.0,65,0.23893805309734514,NCOA3,False,False
DataSet_03_191,NCOA3,506.0,0.660574412532637,3.0,75,0.23893805309734514,NCOA2,True,True
DataSet_03_192,NCOR1,12.0,0.015665796344647518,1.0,90,0.2230769230769231,NCOR2,False,False
DataSet_03_202,NR2F2,1.0,0.0013054830287206266,1.0,79,0.20175438596491227,NR2F1,False,False
DataSet_03_205,PARK7,376.0,0.4908616187989556,2.0,8,0.125,NKRF,True,True
DataSet_03_207,PBX1,185.0,0.24151436031331594,1.0,62,0.1388888888888889,PKNOX1,True,False
DataSet_03_208,PBX1,285.0,0.3720626631853786,1.0,62,0.1388888888888889,PKNOX1,True,False
DataSet_03_209,PBX1,436.0,0.5691906005221932,4.0,62,0.1388888888888889,PKNOX1,True,True
DataSet_03_214,PPARG,18.0,0.02349869451697128,2.0,368,0.2754491017964072,PPARA,False,True
DataSet_03_217,PRRX1,539.0,0.7036553524804178,3.0,7,0.09090909090909091,HOXB5,True,True
DataSet_03_222,RELA,10.0,0.013054830287206266,2.0,560,0.5608214849921012,NFKB1,False,True
DataSet_03_223,RELA,5.0,0.006527415143603133,2.0,560,0.5608214849921012,NFKB1,False,True
DataSet_03_225,RELB,105.0,0.1370757180156658,1.0,59,0.3333333333333333,NFKB2,True,False
DataSet_03_228,REST,1.0,0.0013054830287206266,1.0,75,0.0625,NR4A2,False,False
DataSet_03_229,SATB1,2.0,0.0026109660574412533,1.0,45,0.10185185185185185,HMGA1,False,False
DataSet_03_235,SMARCA4,728.0,0.9503916449086162,4.0,10,0.16666666666666666,ZBTB33,True,True
DataSet_03_236,SMARCC1,6.0,0.007832898172323759,1.0,9,0.16666666666666666,PA2G4,False,False
DataSet_03_237,SOX11,157.0,0.20496083550913838,2.0,12,0.058823529411764705,POU4F3,True,True
DataSet_03_238,SOX11,143.0,0.1866840731070496,2.0,12,0.058823529411764705,POU4F3,True,True
DataSet_03_239,SOX11,1.0,0.0013054830287206266,1.0,12,0.058823529411764705,POU4F3,False,False
DataSet_03_241,SOX2,179.0,0.23368146214099217,3.0,91,0.19230769230769232,POU5F1,True,True
DataSet_03_242,SOX2,19.0,0.024804177545691905,2.0,91,0.19230769230769232,POU5F1,False,True
DataSet_03_244,SOX2,5.0,0.006527415143603133,3.0,91,0.19230769230769232,POU5F1,False,True
DataSet_03_246,SOX4,636.0,0.8302872062663186,6.0,24,0.075,PML,True,True
DataSet_03_249,SP1,565.0,0.737597911227154,1.0,1304,0.2903703703703704,SP3,True,False
DataSet_03_251,SP1,77.0,0.10052219321148825,2.0,1304,0.2903703703703704,SP3,True,True
DataSet_03_253,SPIB,13.0,0.016971279373368148,1.0,18,0.1,IRF4,False,False
DataSet_03_255,SSRP1,448.0,0.5848563968668408,3.0,147,0.11764705882352941,ATF2,True,True
DataSet_03_256,STAT1,53.0,0.06919060052219321,2.0,305,0.1967741935483871,STAT3,False,True
DataSet_03_258,STAT3,37.0,0.048302872062663184,6.0,437,0.1967741935483871,STAT1,False,True
DataSet_03_259,STAT3,341.0,0.4451697127937337,5.0,437,0.1967741935483871,STAT1,True,True
DataSet_03_260,STAT3,492.0,0.6422976501305483,3.0,437,0.1967741935483871,STAT1,True,True
DataSet_03_261,STAT3,8.0,0.010443864229765013,3.0,437,0.1967741935483871,STAT1,False,True
DataSet_03_262,STAT3,741.0,0.9673629242819843,3.0,437,0.1967741935483871,STAT1,True,True
DataSet_03_264,STAT6,694.0,0.9060052219321149,6.0,127,0.13432835820895522,BCL6,True,True
DataSet_03_267,TCF7L1,51.0,0.06657963446475196,2.0,6,0.08333333333333333,HES5,False,True
DataSet_03_274,TFAP2C,43.0,0.05613577023498695,1.0,35,0.08695652173913043,RARG,False,False
DataSet_03_275,TFE3,42.0,0.05483028720626632,1.0,37,0.125,TFEB,False,False
DataSet_03_277,TP53,217.0,0.283289817232376,3.0,980,0.1970649895178197,SP1,True,True
DataSet_03_284,TWIST2,10.0,0.013054830287206266,1.0,35,0.32558139534883723,TWIST1,False,False
DataSet_03_287,ZHX2,623.0,0.8133159268929504,5.0,11,0.14285714285714285,STOX1,True,True
DataSet_04_015,NKRF,158.0,0.206266318537859,3.0,10,0.15384615384615385,NFKBIB,True,True
DataSet_04_019,SMAD2,731.0,0.9543080939947781,6.0,108,0.3686635944700461,SMAD3,True,True
DataSet_04_020,SMAD4,259.0,0.3381201044386423,3.0,141,0.3253012048192771,SMAD3,True,True
DataSet_04_022,STAT1,625.0,0.8159268929503917,5.0,305,0.1967741935483871,STAT3,True,True
DataSet_04_024,YBX1,291.0,0.37989556135770236,1.0,92,0.08620689655172414,FOXM1,True,False
DataSet_04_036,SMAD2,450.0,0.587467362924282,1.0,108,0.3686635944700461,SMAD3,True,False
DataSet_04_037,SMAD4,107.0,0.13968668407310705,3.0,141,0.3253012048192771,SMAD3,True,True
DataSet_04_041,YBX1,22.0,0.028720626631853787,1.0,92,0.08620689655172414,FOXM1,False,False
